time,stevenhalim,pandamonium,yanhao-ling,bay-wei-heng,sergio.vieri,nowa-allac,muhammad-irham-rasyidi,ng-tek-in,robinyu,raynold-ng,jiang-yue,tan-jun-an,prokarius,govindvenugopalan,shaun-thium,sidhant-bansal,alexander-lee,cheng-hang,sijie123,eugene-lim,ranaldlys,matthewng,raisfathin,bamboo3250,minh-phuc-le,chrismaxheart,nguyen-thanh-trung,fallen-angel,huangchao,clarence-chew,li-yao-an,minh141198,xinan,christopher-boo,melvin-tan-jun-keong,lin-lee,pyokagan,mark-ng,aguss787,owen-leong,lim-li,li-da,flashmt,kien-nguyen-tien-trung,patcho168,zhao-huangjie,liu-yang,wilson-tan,suxuan,sean-yap,lee-wei-hong,zhijian,teh-nian-fei,aaryam-srivastava,wilson-ler,giang-dao,way-tan,mario7lorenzo,kuan-wei-heng,rrtheonlyone,zane-yu,mofk,nguyen-do,vtifand,henry-jayakusuma,iltep64,e0134149,notrandompplonearth,tanphatls987,le-quang-tuan,donjar
2018-09-15T16:57:08.325Z,3587.3,3262.1,2752.6,2700.2,2306.7,1743,1651.9,1521.2,1457.3,1426.3,1381.8,1383.8,1317.5,1282.9,1191.6,1106.3,1100,1070.5,1074.2,1018.6,930.1,912.9,896.1,881.8,836.1,808.8,727.6,716.2,705.7,699,692.4,680.8,668.4,660.3,651.7,639.9,618.4,604.1,580.6,579.6,572.7,547.6,517.3,495,486.2,484.4,481.8,479.7,476.8,452.9,,,,,,,,,,,,,,,,,,,,,
2018-09-16T16:57:06.937Z,3589.8,3265,2752.3,2700.8,2306.7,1743.4,1652.4,1521,1457.5,1426.6,1382.3,1382,1317.5,1287.8,1191.7,1108.1,1099.9,1070.8,1075.7,1018.2,930.8,911.9,897.7,882.7,836.5,807.9,775.7,716.6,705.3,699.7,692.4,681.2,668.8,660.4,651.9,640.8,617.7,604.2,582,579.2,572.6,547.1,517.7,495.4,486.3,484.7,481.9,479.3,476.9,452.6,,,,,,,,,,,,,,,,,,,,,
2018-09-17T16:57:08.138Z,3583.3,3257.7,2750.3,2697.6,2306.4,1742.1,1651.6,1521.4,1457.4,1425.9,1385.3,1378.4,1317.7,1287.3,1191.3,1106.2,1099.7,1069.3,1071.2,1017.9,930.1,912.3,894.6,883,835.9,808,770.3,716.3,705,699,691.9,680.9,668.3,660.2,651.8,639.6,618.3,604.1,579.9,579.5,572.2,546.4,517.7,495.1,485.7,483.8,481.6,479.1,476.7,452.9,,,,,,,,,,,,,,,,,,,,,
2018-09-18T16:57:07.766Z,3582.5,3256.6,2751.4,2695.7,2307.4,1743.4,1651.3,1522.2,1458.2,1428,1390.9,1376,1317.6,1287.9,1192.4,1108.3,1102.1,1071.7,1070.2,1018.5,930.2,912.2,894.8,883,838,817.5,766.8,716.9,705.2,699.1,692.7,681.8,668.8,660.7,651.2,653.5,618.9,604.4,580.3,579.3,572.5,546.8,518.3,495.1,486.2,484.3,481.9,479.6,476.9,453.1,,,,,,,,,,,,,,,,,,,,,
2018-09-19T16:57:07.306Z,3584.3,3256.2,2753.6,2694.7,2310.8,1746.3,1653.7,1524.6,1461.4,1429.9,1393.6,1375.2,1319.5,1290.2,1194.7,1109.2,1103.5,1073.8,1070,1019.9,931.5,913.6,895.7,883.8,839,818.5,763.6,718,706.8,700.9,692.9,682.8,670.1,661.3,652.7,658.8,619.2,605.6,581.4,581.2,573.1,563.8,518.3,495.8,487.1,484.9,482.7,480.2,477.3,454,,,,,,,,,,,,,,,,,,,,,
2018-09-20T16:57:08.028Z,3583.7,3255.4,2751.1,2693,2312,1747,1651.5,1526.8,1460.8,1429.1,1395.3,1375.2,1319,1290,1194,1107.8,1102.5,1072.4,1068.8,1020.2,931.1,913.7,894.9,885.3,837.6,819.2,762.6,718.3,707.3,701.7,692.8,681.5,669.3,661.8,653,657,620.5,606.1,581.2,581.2,572.6,562.9,519.1,496.1,487.6,485.6,482.9,480.2,477.7,453.7,,,,,,,,,,,,,,,,,,,,,
2018-09-21T16:57:06.591Z,3590.1,3259.3,2756.6,2697.9,2317.9,1752.7,1671,1532.5,1461.5,1430,1396.4,1378.9,1320.7,1291.9,1195.7,1110,1102.4,1073.4,1069.9,1021.5,932.1,915.2,896.4,885.4,838.1,822.1,762.8,718.8,708.3,705.3,693.6,681.9,670.1,662.5,654.4,658.5,621.5,607.7,581.2,582.7,575.5,567.4,519.8,496.5,488,486,483.4,481.1,478.8,455,,,,,,,,,,,,,,,,,,,,,
2018-09-22T16:57:07.585Z,3590.8,3257.9,2756.4,2699.9,2317.8,1750.1,1670,1536.3,1460.7,1431.3,1397.6,1379.5,1320.3,1292.4,1199.2,1109.8,1103.8,1074.8,1069.7,1022.4,932.1,916,896.1,885.2,838.6,841.9,760.8,719.1,708.9,704.7,693.2,680.6,670.4,662.4,655,657.6,622.1,608,581.2,581.6,574.9,565.8,519.4,496.7,488,485.6,483.2,481.4,479.1,455.5,,,,,,,,,,,,,,,,,,,,,
2018-09-23T16:57:09.422Z,3588.4,3257.8,2754.7,2696.4,2314.3,1749.2,1668.6,1533.7,1459.7,1428.7,1395.5,1377.3,1320,1291.3,1196.9,1109,1102.1,1073,1068.4,1021.4,931,914.7,895.2,884.9,837.5,840.4,761.1,718.3,707.5,704.8,692.6,680.4,669.4,661.5,653.8,657,620.4,606.8,581.8,602.6,574.6,564.5,519.4,496.2,488.2,486.2,482.4,480.8,478.2,454.8,,,,,,,,,,,,,,,,,,,,,
2018-09-24T16:57:07.389Z,3592.1,3259.9,2756.6,2701.7,2318.8,1749.5,1668.9,1535.2,1458.6,1429.7,1396.1,1378,1319.2,1291.7,1197.1,1110.1,1103.3,1073.2,1068.7,1021.5,931.6,915.3,895.8,885.8,837.8,839.4,763.1,719.1,708.2,703.6,693,682.5,669.7,662,653.8,656.7,620,607.4,581.4,613.6,574.8,565.4,519.7,496.8,489.2,486.7,482.7,480.7,478.6,454.8,,,,,,,,,,,,,,,,,,,,,
2018-09-25T16:57:07.680Z,3586.7,3257.6,2754.4,2696.9,2317.1,1750.3,1669.6,1533,1457.8,1429,1395.3,1376.8,1319.9,1290.4,1195.6,1109.7,1103.4,1072.8,1067.7,1020.7,930.7,913.4,905.2,886.2,837.2,838.2,760.2,719.1,707.3,703.8,693.4,680.6,670.1,662.2,653.1,657.2,619.8,606.7,581.7,613.8,574.3,565.2,519.9,496.8,488.9,487.2,482.8,481,478.6,454.2,,,,,,,,,,,,,,,,,,,,,
2018-09-26T16:57:07.383Z,3591.6,3261.8,2756.8,2701.7,2319.7,1752.2,1670.5,1535.3,1459.4,1431.7,1398.5,1378.1,1320.9,1291.8,1198.6,1112.3,1105.5,1075.1,1069.9,1021.7,930.9,914.5,906.3,886.8,838.3,839.7,760.6,719.3,708,704.5,694.3,682.7,670.5,662.8,653.5,657.6,620.7,607,582.5,614.6,574.7,572.7,520.4,497.2,489.2,487.6,483,481.6,478.8,454.6,,,,,,,,,,,,,,,,,,,,,
2018-09-27T16:57:07.298Z,3593.2,3263.9,2759.4,2703.8,2321.9,1754.5,1671.4,1536.5,1460.2,1432.7,1399.4,1381.9,1321.8,1293.5,1199.1,1112,1105.6,1075.2,1071.6,1024.1,932.8,915.9,906.7,887.4,838.4,842,762.3,720.4,709.4,704.9,695,683.2,672.2,663.7,655.2,658.4,621.6,608.6,583.3,614.9,576.5,574.5,521.4,497.8,491.1,488.2,483.8,482.3,479.6,455.9,,,,,,,,,,,,,,,,,,,,,
2018-09-28T16:57:09.279Z,3594.7,3265.4,2761.2,2705.1,2323.5,1756.8,1672.4,1537.7,1461.3,1434.9,1400.8,1382.9,1322.2,1294.7,1199.4,1113.9,1107.5,1076.9,1071.3,1025.1,933.9,915.6,907.8,888.6,839.4,841.2,763.2,720.5,709.4,707,695.2,683.5,673.1,664.3,654.9,659,621.2,608.3,584.3,616.6,585.1,574.7,521.8,498.2,492.1,488.1,484.1,482.5,480.1,456.1,,,,,,,,,,,,,,,,,,,,,
2018-09-29T16:57:09.934Z,3601,3268.3,2766,2712,2328,1759.6,1675.4,1543.2,1463.5,1437.7,1402.2,1384.8,1324.7,1296.8,1201.1,1114.9,1109.7,1077.8,1071.8,1026.3,935,916.9,908.8,889,839.8,843,763.6,722,710.4,708.4,695.8,683.4,673.9,665,656.4,659.1,622,609.9,583.9,627.6,586.9,575.9,521.8,498.5,492.6,488.8,484.7,483,480.6,456.8,,,,,,,,,,,,,,,,,,,,,
2018-09-30T16:57:08.621Z,3605.2,3273.6,2772.1,2717.8,2332.6,1761.2,1675.5,1546.7,1465.6,1441,1404.5,1387.7,1324.8,1299.3,1204.2,1117.9,1111.2,1080.4,1074.5,1028.5,936.9,919.2,909.4,889.4,841.9,845.9,764.3,723,712.2,708,696.1,684.1,674.5,666.1,657.7,659.7,624.4,611,584.2,627.7,587.2,577.3,521.5,499,492.6,489.3,485.4,483.4,481,458.3,,,,,,,,,,,,,,,,,,,,,
2018-10-01T16:57:07.269Z,3605.8,3276.6,2774,2720.4,2335.7,1761.1,1676.6,1546.3,1466.6,1440.3,1405,1388.7,1325,1300.7,1205,1118.5,1112.4,1080.4,1074.1,1029.3,937.6,920,910.4,891.4,843.6,846.7,766.4,723.9,713.7,707.8,697.1,685.2,675.6,666.7,657.9,659.3,624.2,611.1,585,628.1,587.1,577.9,522.3,500.8,493.4,489,485.7,484,481.3,457.9,,,,,,,,,,,,,,,,,,,,,
2018-10-02T16:57:07.606Z,3607.2,3277.5,2774.7,2719.3,2335.9,1762.7,1677.6,1546.3,1467.9,1441.1,1405.5,1386.2,1326.3,1300.8,1206,1118.9,1113.5,1080.6,1074,1030,938.2,920.6,911.2,891.7,843,847,767.1,723.9,714.3,708.3,697.7,685.2,675.7,666.4,658.7,659.7,624.8,611.7,585.2,628.7,587.6,578.2,521.3,500.3,493.6,489.3,485.7,484.3,481.7,458.7,,,,,,,,,,,,,,,,,,,,,
2018-10-03T16:57:08.600Z,3609.6,3279.8,2776.4,2721.9,2337.8,1764.7,1678.6,1548.2,1468.7,1443.4,1407.6,1387.7,1328.1,1306.7,1207.2,1121.3,1114.7,1082.5,1076.1,1031.2,944.3,921.7,912.7,892.8,843.5,847.9,766.8,725.4,715.1,708.4,698.4,685.7,676.5,667.8,659.4,660.3,632.8,612.5,586,629.4,587.4,578.9,520.6,501.2,494.5,489.9,486.6,484.6,482.1,458.9,,,,,,,,,,,,,,,,,,,,,
2018-10-04T16:57:07.608Z,3610.7,3276.6,2775.6,2720.4,2336.7,1763.4,1676.3,1548.8,1469.2,1443,1406.8,1385.7,1325.8,1306.3,1206.9,1120.1,1113.1,1080.7,1074.9,1030.5,943.5,921.7,911.5,891.7,843.3,847.7,767.6,724.9,714.7,707.6,699.4,686.1,676.7,667.1,659.5,658.9,631.6,612.3,585,628.6,587.2,578.9,520,500.5,494.5,489.8,487.2,484.5,482,458.8,,,,,,,,,,,,,,,,,,,,,
2018-10-05T16:57:09.210Z,3607.3,3278.1,2773.7,2723.1,2337.6,1761.9,1677.2,1549.3,1468.6,1442.9,1407.3,1385,1326,1306.4,1206.3,1119.7,1113.3,1080.6,1076.2,1031,944.2,921.9,911.4,892.1,842.8,847.8,767.7,725.3,715.1,707.5,699.3,685.3,676.5,667.2,660.1,657.2,631,612.6,585.7,628.4,587.3,579.5,519.7,500.6,494.4,490.3,487.1,484.5,481.7,459.5,,,,,,,,,,,,,,,,,,,,,
2018-10-06T16:57:07.083Z,3608.5,3277.1,2773.5,2722.9,2338.4,1763.1,1677.6,1549.1,1470,1443.8,1408,1385.3,1327.6,1306.8,1206.6,1120.9,1113.3,1081.2,1075.8,1031.5,944.8,922.5,911.7,892.6,842.7,848.2,767.5,726.2,715.8,708,699.3,684.8,677.1,667.6,660.6,657,631.1,613.5,585.7,629,588.1,579.8,519.7,500.7,494.8,490,487.6,485.2,482.2,459.5,,,,,,,,,,,,,,,,,,,,,
2018-10-07T16:57:08.584Z,3610.6,3280.6,2774.7,2724.8,2339.5,1762.8,1679.1,1550.3,1470.9,1444,1407.9,1385.7,1327.7,1307.4,1206.4,1121.3,1114.1,1081.7,1076,1032.1,944.3,922.6,911.5,893.1,843.2,848,768.7,726.2,716,709.2,699.1,686.3,676.9,668,660.6,657.5,631.4,613.7,585.6,629.5,588.4,579.6,519.8,500.8,494.4,490.9,487.4,485.2,482.1,459.6,,,,,,,,,,,,,,,,,,,,,
2018-10-08T16:57:08.717Z,3606.2,3275.9,2771.3,2721.7,2338.9,1760.5,1678.5,1549.2,1469.9,1443.3,1406.2,1384.5,1328.4,1305.8,1205.3,1120.5,1113,1079.8,1073.4,1031.3,943.1,921.3,911.2,893,842.8,851.1,767.9,725.5,715.8,707.9,699.2,686.1,676.8,667.8,660.2,657,630.9,613,586.1,630,588.5,579.2,520.6,500.7,494.6,490.9,487.4,485,482,459.3,,,,,,,,,,,,,,,,,,,,,
2018-10-09T16:57:09.855Z,3642.9,3280.3,2776.5,2726.3,2340.7,1762,1680.6,1550.7,1471.4,1445.5,1408.2,1386.5,1330,1308,1207.1,1122.7,1114.7,1081.9,1075,1032.5,945.5,923.1,912.9,894.1,844.1,852.2,769.1,727,717,708.7,700.6,687,677.9,668.8,661.1,658.3,631.8,613.8,587.3,631.8,590.5,579.7,521.2,501.9,496.3,492.1,488.7,486.4,483.4,459.9,,,,,,,,,,,,,,,,,,,,,
2018-10-10T16:57:12.002Z,3644.8,3279.9,2774.8,2724.9,2339.8,1762.7,1679,1550.3,1470.4,1444.9,1407.6,1386.4,1328.8,1308.2,1206.3,1122.5,1114.1,1081.8,1074.5,1032.9,945,922.5,912.2,894.1,844,852.7,768.5,727,717.1,708.2,701.6,686.8,678,669.6,661.2,658,632.2,613.8,587.2,631.3,589.7,580,520.7,501.6,495.7,492.1,488.9,486.4,483.3,460.4,,,,,,,,,,,,,,,,,,,,,
2018-10-11T16:57:15.303Z,3657.7,3281.1,2774.2,2726.5,2340.5,1764.2,1677.9,1550.7,1472.1,1446.4,1408.7,1385.9,1341.5,1309.4,1208.4,1122.8,1115.9,1083.2,1075.1,1033.8,946,923.9,912.4,893.9,843.6,854.5,768.3,726.5,718.1,708.7,701.2,685.5,678.2,669.1,662.4,657.7,632.6,614.8,586.9,631.5,589.3,580.8,520.7,501.5,496,491.9,489.1,486.8,483.5,461.6,,,,,,,,,,,,,,,,,,,,,
2018-10-12T16:57:07.828Z,3657.1,3276.2,2770.2,2722.7,2337.1,1760.2,1674.6,1548,1469.7,1444.7,1410.8,1385.3,1339.3,1308.6,1206.8,1120.6,1114.8,1081.3,1073.5,1032.6,944.4,921.8,911.3,893.4,842.6,852.8,766.1,725.8,716.6,706.1,700.5,683.7,677.3,668.6,661.3,655.7,632.2,613.6,586.5,631,588.4,580.1,520.3,500.9,495.5,491,488.4,486.2,482.8,460.5,,,,,,,,,,,,,,,,,,,,,
2018-10-13T16:57:14.025Z,3656.1,3275.1,2770.3,2722.3,2336.4,1759.5,1673.7,1547.2,1469.5,1444.7,1418.8,1384.3,1338.1,1308.2,1206.5,1120.1,1114.6,1081.1,1073.3,1032.4,948.9,921.2,911,893.2,840.6,852.3,766.3,725.4,716.9,705.9,701,683.1,677.1,667.9,660.7,655.5,631.3,613,586.2,630.3,588.7,580.8,520.8,500.9,496.2,488.9,488.4,486.4,482.8,460,,,,,,,,,,,,,,,,,,,,,
2018-10-14T16:57:08.189Z,3656.1,3273.2,2771,2722.4,2335.5,1760.2,1675.8,1545.1,1469.5,1445.7,1434.3,1384.3,1339.1,1306.8,1207.3,1120.2,1115.5,1081.5,1073.2,1032.2,947.5,920,921.1,893.2,839.8,851.3,768.1,725.2,716.6,706.8,701.1,683,677.2,668.1,660.6,656.5,631.5,613.1,586.2,631.2,596.6,580.9,520.5,501.2,495.5,487.9,488.5,486.3,482.8,459.9,,,,,,,,,,,,,,,,,,,,,
2018-10-15T16:57:12.317Z,3668.9,3273.9,2773.9,2723.3,2336.5,1762.4,1675.1,1547.1,1471.1,1446.9,1434.7,1386.9,1339,1307.8,1208.9,1121.1,1116.5,1082.3,1073.5,1033.2,948.3,921.1,921.4,893.8,839.3,852,767.5,726.2,717.3,707.5,702,683.9,678.1,669,661.7,656.1,632.1,614.3,586.9,631.5,597.2,581.3,520.5,502.1,495.7,487.8,489,487.1,483.5,460.4,,,,,,,,,,,,,,,,,,,,,
2018-10-16T16:57:06.703Z,3694.2,3277.6,2773.4,2724.2,2336.3,1763,1674.1,1546.6,1473.2,1446.3,1434,1386.5,1338,1309.5,1208.4,1120.8,1115.9,1082.2,1073.1,1033.7,949.8,921.5,921.1,893.9,838.1,851.5,767.8,727.7,717.7,708,702.5,684,678.8,670.2,662.1,656.2,632.9,613.8,588.1,632.5,597.1,581,521.2,502.8,496.7,487,489.5,488.1,484.1,undefined,464.7,,,,,,,,,,,,,,,,,,,,
2018-10-17T16:57:06.778Z,3723.4,3285.5,2779.6,2729.8,2339.2,1765.8,1676.8,1548.5,1475.3,1448.4,1437.5,1389.3,1341,1312.6,1210.2,1123.2,1118,1084.9,1075.5,1036.6,952.4,923.2,922.8,895,839.3,853.3,770,729.5,719.3,709.7,703.6,684.1,680.7,671.8,663.2,657.6,634.8,615.3,588.6,634.9,599.5,581.7,522.5,504,497.6,488.7,490.7,489.2,485.4,undefined,479.9,,,,,,,,,,,,,,,,,,,,
2018-10-18T16:57:08.708Z,3729.8,3281.8,2778.5,2727.3,2335.8,1763,1676.1,1546.4,1474.4,1447.5,1435.3,1387.5,1347.6,1310.1,1209.7,1121.9,1119,1084.8,1075.2,1034.7,951.7,921,921.4,893.4,838.6,851.6,767.5,727.8,717.8,709.3,702.4,682,679.2,670.9,661.5,656.6,634.4,613.7,587.8,633.4,600.1,580.9,522.6,502.9,496.6,488.8,490,488.6,484.8,undefined,489.8,,,,,,,,,,,,,,,,,,,,
2018-10-19T16:57:09.594Z,3748.6,3285.3,2778.4,2728.9,2334.7,1764.1,1674.5,1547,1476.5,1448,1437,1398.5,1347.9,1311.7,1210.4,1122.9,1119.3,1085.6,1076.5,1036,953.2,922.5,921.7,893.7,838.9,852.4,767.9,728.4,718.6,709.8,703.3,681,679.6,670.8,662.7,656.4,636.2,614.7,586.8,633.6,600.1,582.1,523.5,502.8,497.3,488.6,490.7,489,485.3,undefined,490.3,,,,,,,,,,,,,,,,,,,,
2018-10-20T16:57:08.087Z,3746.1,3283.8,2777.9,2726.8,2333.6,1763.4,1674.2,1546.5,1476.3,1447.3,1436.5,1400.8,1346.8,1310.8,1210.6,1123.8,1118.5,1084.8,1076.7,1035.1,952.1,927.4,921.6,894.1,839.2,852,767.9,728.1,717.5,709.4,702.9,681.4,678.7,670,662.2,655.2,635.5,613.8,586.8,632.7,599.8,580.6,523.5,502.3,496.9,488,489.8,488.1,484.3,undefined,489.7,,,,,,,,,,,,,,,,,,,,
2018-10-21T16:57:07.966Z,3761.5,3285.6,2777.2,2727.8,2333.8,1761.8,1674,1544.8,1475.8,1447.9,1435.5,1401.4,1344.9,1309.5,1210.4,1122.6,1118.6,1085,1077.5,1035.2,952,926.9,920.7,894.4,839,851.5,769,727.9,717.5,709.5,702.2,681.6,678.4,669.5,661.6,654.3,634.8,613.1,586.4,632.3,599.8,580.5,524.5,502.7,496.8,487,489.6,487.9,483.9,undefined,489,,,,,,,,,,,,,,,,,,,,
2018-10-22T16:58:05.604Z,3758.7,3286.6,2779.3,2729.8,2335.5,1763.4,1677.1,1545,1475.2,1448.7,1437.1,1403.3,1348.6,1311,1211.5,1122.9,1119.4,1087,1078.7,1035.8,957.7,927.3,922.4,894.9,840.1,852,770.9,728.6,718.6,710.9,702.4,682.3,678.8,669.9,662.2,654.7,634.4,614,586.8,632.7,599.9,582.5,525.2,503,497.5,487.9,490.3,488,484.2,undefined,489.3,,,,,,,,,,,,,,,,,,,,
2018-10-23T16:57:11.299Z,3794.8,3294.1,2783.6,2737.3,2342.8,1767.9,1681.7,1548.6,1479.2,1452,1444.7,1405.8,1353.7,1314.3,1214.6,1126.2,1123,1089.2,1081.8,1038.8,960.2,929.9,924.7,897.5,843,854.1,772.9,730.1,719,713.9,703.2,682.7,679.5,670.9,663.2,656.4,636.8,615.3,587.7,635.8,601.4,583.3,526.3,504.1,497.5,488.3,491.2,488.9,484.9,undefined,490.7,,,,,,,,,,,,,,,,,,,,
2018-10-24T16:57:08.633Z,3810.5,3292.5,2782.1,2734.3,2340.7,1765.9,1680.1,1547.1,1477.6,1450.3,1445,1404.5,1351.7,1313.5,1213.1,1125.8,1122.7,1088.1,1080.3,1037.8,961.6,929.1,923,896.3,841.5,853.5,771.9,728.8,718.5,713.3,701.8,681.5,678.4,670,662.2,655.4,635.9,614.5,585.9,635.2,600.4,582.6,525.2,503.2,496.5,488.1,490.1,488.2,484.1,undefined,490.5,,,,,,,,,,,,,,,,,,,,
2018-10-25T16:57:08.473Z,3807.5,3290.2,2781.2,2732.6,2338.6,1764.5,1678.8,1559.4,1475.7,1449.2,1442.9,1404.5,1350.2,1312.9,1212.4,1124.6,1121,1087.4,1080.4,1036.8,960.5,928.3,923,895.6,841.7,853.6,771.1,729.5,718.6,713.1,702.2,681.2,678.3,670.1,661.4,656.2,635.3,613.8,586.5,634.2,607.1,582.6,525.3,504.1,496.6,488.2,490.1,487.8,483.5,undefined,489.8,,,,,,,,,,,,,,,,,,,,
2018-10-26T16:57:08.596Z,3801.4,3286.6,2777.7,2731,2335.3,1765.6,1677.1,1558.3,1474.3,1448,1441,1403.3,1350.4,1311.5,1210.6,1123.3,1119.8,1086.4,1082.7,1035.7,959.3,927.8,922.3,895.9,847.1,852.4,770.9,727.8,718.2,713.3,702.5,681.2,677.6,670.5,661.4,655.5,635.6,613.6,586.3,633.4,609.2,581.9,525.3,503.3,495.9,487.8,489.5,487.1,483.3,undefined,489.4,,,,,,,,,,,,,,,,,,,,
2018-10-27T16:57:07.634Z,3806.9,3289.3,2780.9,2734,2337.1,1768.3,1678.8,1559.7,1475.9,1449.1,1442.2,1405.7,1351.7,1313.9,1211.9,1124,1120.7,1087.3,1083.7,1037.4,960.5,935.3,922.1,896.4,848.2,853.1,771.4,728.5,718.9,714.5,703.1,682.8,678.2,669.8,662.1,656.1,636.1,614.2,586.9,634.1,611,581.6,525.4,503.6,496.9,488.8,490.1,487.6,483.9,undefined,489.7,,,,,,,,,,,,,,,,,,,,
2018-10-28T16:57:07.134Z,3829.7,3296.2,2789.1,2740.6,2346.9,1773,1682.8,1564,1481.6,1451.9,1445,1409.5,1353.6,1316.6,1214,1127,1124.5,1089.2,1086.3,1039.3,963,937.8,932.7,897.2,855.5,856.2,772.3,729.4,720,715.8,703.6,685.4,679,671.5,663.3,657.2,638,615.4,587.8,645.7,612.1,583.7,527.3,503.8,497.2,489.8,490.8,488.3,484.6,undefined,491,,,,,,,,,,,,,,,,,,,,
2018-10-29T16:57:09.891Z,3829.6,3298.4,2789.9,2742.5,2347.7,1772.5,1682.1,1566.5,1483.4,1452.9,1448.2,1409.2,1354.5,1318.1,1215.4,1126.5,1124.6,1089.8,1086.3,1040.5,973.6,938.3,941,896.6,855.2,860.7,773.6,729.8,719.7,715.1,703.6,685.8,679.8,672,664.3,654.9,637.9,615.5,587,649.7,611.9,583.8,527.2,504.3,497.6,489.9,491.2,489.1,485.1,undefined,491.3,,,,,,,,,,,,,,,,,,,,
2018-10-30T16:57:07.798Z,3847.9,3301.8,2791.4,2747.2,2352,1775.3,1683.9,1568.4,1484.4,1454.8,1450.9,1412,1355.9,1320.7,1216.7,1127.3,1125.3,1091.5,1086.8,1042.4,973.8,940.3,940.8,898.1,857.1,861.9,774.6,731.1,721.4,717.2,704.3,686.4,680.6,674,665.2,662.8,638.8,616.7,587.4,651.1,612.3,584.8,527.2,504.5,497.8,490.4,491.8,489.2,485.5,undefined,491.9,,,,,,,,,,,,,,,,,,,,
2018-10-31T16:57:08.246Z,3848.5,3300.6,2789.2,2745.1,2352,1775.1,1680.6,1577.8,1483.8,1454.5,1449.9,1411.4,1353.1,1321.2,1216.7,1127.5,1125.8,1091,1087.2,1042.3,973,939.8,940.9,899.6,857.1,861.5,772.4,732.1,721.9,715.8,704.7,685.9,681.5,674.3,667.5,661.1,638.6,617.5,586.9,650.4,610.8,584.7,527.6,505.4,498.1,490.4,492.6,490.2,485.9,undefined,491.9,,,,,,,,,,,,,,,,,,,,
2018-11-01T16:57:07.351Z,3854,3298.3,2787,2744.3,2349.5,1773.6,1678.3,1576.3,1482.9,1452.4,1448.9,1410,1351.9,1320.4,1215.7,1126.6,1124.8,1090.2,1085.7,1041.3,971.8,938.7,939.8,899.3,855.8,860.3,770.7,731.8,721.4,714.9,704.6,685.7,681.1,673.9,667.2,660.7,638.5,617,587,649.6,610.3,583.8,527.7,505.1,497.7,489.3,492.3,490,485.6,undefined,491.1,,,,,,,,,,,,,,,,,,,,
2018-11-02T16:57:09.626Z,3855.3,3298.4,2787.1,2745.2,2349.5,1773.9,1679.6,1577.5,1482.4,1452.7,1448.6,1411,1352.7,1319.5,1215.7,1125.7,1125.9,1090.3,1085.9,1041.1,970.6,949,940.9,899.9,856.7,859.8,769.7,731.3,721.2,723.3,703.7,686.5,681,673.8,666.7,661.6,638.5,616.1,587,649,610.7,583.8,528.2,505.3,497.6,489.3,492.4,490.1,485.5,undefined,490.3,,,,,,,,,,,,,,,,,,,,
2018-11-03T16:57:07.113Z,3852,3294,2785.9,2743.1,2346.6,1772.9,1677,1576.5,1479.8,1452.4,1447.8,1407.9,1350.9,1318.7,1214.6,1125.1,1124.4,1089.4,1085.3,1040.5,969.3,961.5,940.3,900.2,862.4,860,768.6,731.2,721,720.9,703.3,685.2,680.5,672.9,666.5,660.3,638.7,616,587,647.9,609.8,583.8,528.4,505,497.7,488.8,492.2,489.5,485.4,undefined,490.4,,,,,,,,,,,,,,,,,,,,
2018-11-04T16:57:07.394Z,3877.9,3293.9,2787.2,2743.2,2348.7,1771.4,1682.4,1577.3,1481.3,1452,1446.8,1407,1351.1,1317.8,1214.8,1125.4,1125,1088.7,1084.7,1039.6,968.9,987.2,940.2,900.4,861.5,859.1,828,731,720.4,720.1,702.9,686.5,679.6,673.2,666.3,660.4,639,615.2,587.1,647.8,610.3,582.8,527.5,505,497.5,488.3,492.1,489.1,485.1,undefined,490.6,,,,,,,,,,,,,,,,,,,,
2018-11-05T16:57:14.196Z,3884.8,3293.8,2790.2,2745.4,2350.4,1772.4,1682.5,1580.3,1513.6,1452.7,1447.2,1408,1351.4,1318.9,1214.7,1125.1,1125.8,1088.9,1085.4,1041.1,970,997.1,940.9,901.1,861.7,860.9,832.4,731.6,721.1,721.2,703.8,685,680,674.5,667.1,661.5,640,616.2,586.9,647.4,609.6,583.7,528,504.9,497.6,488.2,492.5,489.4,485.6,undefined,492,,,,,,,,,,,,,,,,,,,,
2018-11-06T16:57:09.347Z,3883.2,3294.2,2789.7,2745.1,2350.8,1771.8,1683.4,1580,1516,1452.9,1448.3,1407.1,1350.8,1318.9,1215.2,1125.4,1125.7,1089.1,1086.1,1041.2,969,1011.7,941.4,901.2,862.9,860.8,834,731.4,721.1,721.4,703.5,685.5,679.8,674.2,666.9,660.8,640.4,616.2,587.2,647.2,609.9,583.9,527.5,505,498.1,488.9,492.8,489.2,485.7,undefined,491.9,,,,,,,,,,,,,,,,,,,,
2018-11-07T16:57:07.663Z,3887.9,3295.6,2793.2,2747.1,2351.5,1772,1687.9,1580.9,1516.3,1454.1,1448.7,1408.6,1368.6,1319.6,1216,1125.7,1126.9,1090.4,1087.1,1042,970,1012.8,941.3,901,862.8,861.5,832.4,731.9,721.6,722.1,704.1,686.2,680.3,674.3,666.8,660.8,640.7,616.6,587.7,647.6,611.1,584.9,528.5,505.4,498.8,489.6,493.2,489.3,486.1,undefined,492.5,,,,,,,,,,,,,,,,,,,,
2018-11-08T16:57:08.750Z,3878.7,3288.8,2787.2,2742,2346.9,1769.6,1685.1,1577.9,1515.3,1451.3,1444.5,1406.6,1381.9,1318.6,1213.2,1122.8,1123,1087,1083.5,1041,968.7,1032.8,941.2,900.5,859.8,858.2,833.5,731.4,721.7,721.6,703.6,684.9,680.2,674.1,667.4,659.1,640.2,616.3,587.4,646.6,609.6,584.3,528.3,505.1,497.9,487.9,493,489.3,486.2,undefined,492.2,,,,,,,,,,,,,,,,,,,,
2018-11-09T16:57:10.058Z,3872.2,3286.1,2784.5,2738.6,2344.7,1769.9,1683.3,1576.8,1514.8,1449.4,1442.5,1404.4,1378.2,1317,1211.5,1121.5,1120.6,1085.1,1081.6,1040.5,966.6,1048.4,938.9,899.7,858.8,856.7,835.9,730.3,720.3,724.2,702.2,685.4,679.3,672,666.6,658.1,638.9,615.2,586.5,645.2,607.9,583.9,528.6,504.2,497.3,488,492.2,488.5,485.2,undefined,491.5,,,,,,,,,,,,,,,,,,,,
2018-11-10T16:57:09.299Z,3867.1,3283.1,2782.6,2736.4,2342.2,1767.7,1682,1574.5,1513.5,1449.6,1440.7,1404.5,1376.9,1316.5,1210.2,1119.8,1119.5,1084,1081,1039.5,965.2,1068.8,938.4,899.5,858,855.8,837.5,731,719.8,739.9,702.3,685,678.9,671.7,666.7,657.9,637.9,614.7,586.9,644.9,607.6,582.4,528.2,504.2,497.1,487.2,492.1,488.5,484.9,undefined,491.1,,,,,,,,,,,,,,,,,,,,
2018-11-11T16:57:07.778Z,3865,3283.3,2782.4,2737.4,2342.5,1768.3,1682.7,1575.4,1515.4,1449.5,1441.4,1405,1378.1,1316.1,1211.1,1120.9,1119.1,1084.3,1081.4,1039.3,964.5,1087.6,938.7,899.6,858,861.1,839.1,730.7,719.4,745.3,702,684.8,678.5,671,666.5,665,638.1,614.2,586.7,645.8,608,582.6,529.6,504.1,496.8,487.6,491.9,488.1,484.7,undefined,491,,,,,,,,,,,,,,,,,,,,
2018-11-12T16:57:08.819Z,3863.9,3280.5,2778.6,2731.1,2338.3,1763.2,1679.2,1571.8,1512.6,1447.7,1439.1,1402.5,1373.6,1315.8,1208.8,1118,1117.4,1082.2,1078.6,1036.9,962.5,1084.4,937,898.8,857.1,859.1,837.3,729.7,718.1,743,701,684.2,677.6,670.2,665.3,663.6,637.2,613.1,584.9,644,606.8,579.7,529,503.6,496.2,487,491.3,487.5,483.8,undefined,490,,,,,,,,,,,,,,,,,,,,
2018-11-13T16:57:08.277Z,3875.3,3279.8,2776,2728.9,2337.5,1763.1,1678.2,1572,1512.7,1447.1,1439,1402.6,1372.9,1316.1,1208.3,1117.4,1116.7,1082.2,1078,1037,962.2,1088,935.4,898.4,856.9,859.9,837,729.6,718,743.6,701.3,684.1,677.4,670.3,665.4,662.3,636.7,613.5,585.4,643.7,606.8,579.5,528.9,503.6,496.5,487.7,491.1,487.5,484,undefined,490.3,,,,,,,,,,,,,,,,,,,,
2018-11-14T16:57:08.571Z,3881.3,3280.7,2776.1,2728.3,2337,1762.5,1678.9,1571.9,1511.3,1446.9,1439.1,1403.2,1373.3,1315.6,1207.5,1117.9,1117.1,1081.8,1077.8,1037.1,960.9,1099.8,940.3,898.5,856.9,860.5,835.3,729.1,717.4,743.4,701,684.1,677,670.2,665,662.7,636.5,612.7,585.3,644,607.3,578.6,530.1,503.8,495.9,487.8,491,487.2,483.6,undefined,489.7,,,,,,,,,,,,,,,,,,,,
2018-11-15T16:57:08.052Z,3906.1,3281.8,2777.6,2729.3,2337.9,1763.4,1678.3,1571.8,1512.1,1446.3,1438,1406.5,1374,1316.6,1206.6,1116.3,1117.4,1081.5,1078,1037.2,961.6,1108.5,940.6,900,856.1,859.6,835.7,728.7,718.1,743.9,701,684.7,677,669.7,665.2,670.6,636.4,613.1,586.1,645.4,607.5,578.9,530.5,503.6,496,486.9,490.9,486.8,undefined,undefined,489.9,961.3,,,,,,,,,,,,,,,,,,,
2018-11-16T16:57:07.362Z,3906.9,3284.2,2779,2730.9,2338.5,1765,1677.5,1578.7,1512.8,1446.8,1438.7,1405.3,1373.3,1316.6,1207.6,1116.5,1117.5,1082.3,1078.6,1038.4,962.1,1119.3,941,900.1,855.4,861.6,837.3,728.4,718.5,755.8,701.1,685.8,677.6,670.4,665.9,670.4,637,613.6,586.1,644.2,606.3,579.1,530.6,503.6,496,487.2,491.2,487.1,undefined,undefined,490.3,961.3,,,,,,,,,,,,,,,,,,,
2018-11-17T16:57:07.941Z,3905,3282,2777.8,2730.1,2336.4,1762.8,1677.2,1577.1,1510.6,1445.3,1437.7,1404.2,1372.7,1315.1,1206.4,1114.7,1116.6,1081.3,1078.1,1036.6,962.2,1170.2,940.6,899.1,854.6,872.8,836,727.8,717.4,756.3,700.4,685.2,677,669.1,664.8,670.4,636.1,612.7,585.4,643.6,606,578.2,530.2,503.2,495.7,486.2,490.5,undefined,undefined,undefined,489.5,960.6,503.1,,,,,,,,,,,,,,,,,,
2018-11-18T16:57:07.340Z,3904.5,3282.6,2781.4,2729.8,2335.3,1762.2,1678.9,1597.4,1511.4,1444.7,1436.9,1404.4,1373.8,1314.7,1208.4,1114.3,1116.7,1080.7,1077.3,1035.7,960.8,1193.7,940.7,898.4,854,873.9,835.6,727,717.2,758.4,699.7,685.2,676.5,668.1,664,691.9,636.1,612.7,584.6,642.5,605.3,577.6,530.3,502.4,495,undefined,489.9,486,undefined,undefined,489.8,960.9,522.7,,,,,,,,,,,,,,,,,,
2018-11-19T16:57:10.480Z,3909,3281.4,2780,2731.1,2334.3,1761.3,1678.2,1597.4,1510.6,1443.9,1436.3,1404.7,1372.9,1314.2,1207.7,1114.3,1115.5,1080.1,1077.4,1035.6,960.5,1203.5,944.8,898.3,853.7,873.8,836,726.9,717,760.2,699.1,684.9,676,667.9,664.3,691.5,635.5,613,584.4,642.9,604.8,577.7,529.7,502.3,494.8,undefined,489.8,486.2,undefined,undefined,489.5,966.9,523.8,,,,,,,,,,,,,,,,,,
2018-11-20T16:57:09.380Z,3904.7,3276.9,2775.5,2728.3,2331.5,1759.1,1701.2,1595.5,1508.7,1442.1,1434.5,1402.7,1371.9,1312.9,1206.2,1112.7,1114,1079,1075.8,1033.6,960.1,1201.5,942.8,896.8,863,873.9,834.9,726.2,715.8,757.6,698.1,685,675,667.5,663.3,699,634.9,611.9,583.9,642.4,604.9,576.8,528.2,501.9,494.5,undefined,488.8,485.2,undefined,undefined,488.6,967,548.8,,,,,,,,,,,,,,,,,,
2018-11-21T16:57:08.218Z,3905.1,3276.4,2775.2,2727.3,2331,1759.5,1697.9,1595.8,1506.7,1441.5,1434.2,1403.3,1370.7,1313.2,1205.6,1112.8,1113.7,1078.8,1076,1033.9,960.7,1211.2,942.8,896.5,861.6,884.2,832.1,726.9,715.8,757.3,698.5,683.5,675.8,667.6,663.6,699.1,634.3,612.4,584.3,642.3,605,577.2,527.5,502.1,494.8,undefined,489.3,485.8,undefined,undefined,488.9,966.9,562.7,,,,,,,,,,,,,,,,,,
2018-11-22T16:57:08.355Z,3908.1,3277.3,2774.5,2728.2,2331.5,1758.9,1697.5,1594.8,1506.8,1443.2,1436.5,1405.4,1370.8,1314.6,1207.2,1113.4,1115,1080.1,1078.5,1034.4,961.6,1211.3,941,897.5,861.8,890.9,832.4,727.6,716.8,757.2,698.3,682.5,675.6,667.7,663.8,698,633.5,612.8,584.8,643.1,605.7,577.8,528.3,502.1,495.1,undefined,488.9,485.7,undefined,undefined,488.9,967.6,590.7,,,,,,,,,,,,,,,,,,
2018-11-23T16:57:07.641Z,3903.2,3274.2,2773.4,2724.8,2328.6,1757.2,1697.9,1592.7,1504.9,1441.5,1434.5,1402.9,1369.8,1312.5,1205.5,1112.4,1113.5,1079,1076.1,1032.8,959.9,1213.7,945.4,897.2,861.4,889.2,832,726.6,715.2,756.4,697.6,682.7,675.2,666.3,662.2,698,632.7,611.4,583.8,642.6,604.8,577.2,528.2,501.7,494.2,undefined,488.1,485.2,undefined,undefined,488,992.7,609.9,,,,,,,,,,,,,,,,,,
2018-11-24T16:57:07.696Z,3905.6,3276.1,2773.9,2726.7,2331.4,1758.6,1699.3,1594.6,1505.4,1442.8,1436,1404.7,1370.1,1314.5,1206.3,1112.6,1114.5,1080.3,1076.9,1034.8,960.6,1215,945.2,897.9,862,890.4,833.1,726.9,716,756.6,697.5,682.1,675.6,666.9,663,698.2,633.1,612.4,583.5,643.4,605.3,578.2,528.6,502.1,494.4,undefined,488.5,485.3,undefined,undefined,488.7,993.2,611,,,,,,,,,,,,,,,,,,
2018-11-25T16:57:09.988Z,3904.3,3275.5,2773.7,2726.7,2330.6,1759.4,1699.4,1594.9,1505.6,1443.5,1435.6,1404,1370.1,1315.2,1205.8,1112.1,1114.2,1080.6,1076.8,1035.2,960.1,1215.6,945,897.7,862.6,891,832.2,728.2,717.1,756.6,698.5,682.8,676,667.7,663.8,698.9,633.9,613.3,583.8,644.7,605.1,578.8,529,502.2,494.6,undefined,undefined,undefined,undefined,undefined,489.5,993.5,631.2,505.7,500.4,,,,,,,,,,,,,,,,
2018-11-26T16:57:09.684Z,3902.9,3274.1,undefined,2783.3,2330.1,1760.2,1703.3,1594.5,1505.5,1442.2,1442,1404.7,1369.8,1315,1205.6,1112.6,1113.9,1080.1,1076.7,1035.2,960.1,1235,944.7,897.5,862.1,890.5,831.1,727.5,717.2,755.9,698.7,683.3,676.1,667.5,663.7,698,633.5,614.1,584.1,645.1,605.1,579.1,528.1,502.2,494.9,undefined,489.4,undefined,undefined,undefined,489,1005.5,644.5,505.5,500.4,,,,,,,,,,,,,,,,
2018-11-27T16:57:08.320Z,3904.2,3279.1,undefined,2782.2,2329.7,1759.1,1725.9,1594.2,1504.6,1440.8,1439.8,1404.2,1369.3,1314,1204.4,1111.5,1112.4,1078.2,1075.7,1034.6,960,1258.2,944.6,897.4,861.6,890.2,830.7,727.2,716.8,755.4,698.5,683,676.4,667.7,663.3,698.2,633.9,613.4,584,644.8,605.2,579,527.8,502.3,494.8,undefined,489.4,undefined,undefined,undefined,488.6,1004.9,651.1,505.4,500.9,,,,,,,,,,,,,,,,
2018-11-28T16:57:08.564Z,3901.6,3279.6,undefined,2798.3,2328.9,1759.7,1725.2,1593.7,1505.1,1440.6,1440.7,1414.4,1369.9,1314.5,1203.9,1112.1,1113.4,1078.5,1076.6,1034.4,958.9,1275.8,945,897.2,861.3,890.3,830.3,726.7,716.2,755.5,698,682.1,675.9,667.1,663.2,697.5,633.2,613.4,584.1,644.5,604.7,579.1,528.1,501.8,494.4,undefined,489.2,undefined,undefined,undefined,488.6,1004.7,656.2,505.3,500.7,,,,,,,,,,,,,,,,
2018-11-29T16:57:10.152Z,3900.1,3278.3,undefined,2834.7,2327.1,1757.4,1725,1593.3,1505.1,1440,1440.2,1413,1369.2,1313.4,1203.7,1112.2,1112.1,1078.6,1075.7,1033.4,958.5,1298,945.5,897,860.4,889.5,831.1,726.4,715.6,754.8,698.4,682,675.5,666.5,662.7,696.6,633.1,613.1,583.9,644.4,604.7,579,527.6,501.7,494.3,485.3,488.9,undefined,undefined,undefined,487.7,undefined,663.6,508.4,500.2,,,,,,,,,,,,,,,,
2018-11-30T16:57:08.348Z,3897.1,3276,undefined,2857.4,2325.7,1757.1,1725,1592.7,1505.3,1438.9,1439,1412.7,1369.2,1319.1,1202.9,1110.1,1110.7,1077.8,1074.3,1031.9,957.4,1312.8,944.9,896.5,859.5,888.8,830.3,724.9,714.1,754,698.1,681.3,674.8,665.8,662.6,695.6,633.5,612.3,583.7,643.4,604.2,577.9,528.1,501,493.6,undefined,488.2,484.7,undefined,undefined,487.9,undefined,665.8,520,499.8,,,,,,,,,,,,,,,,
2018-12-01T16:57:06.662Z,3898,3276.7,undefined,2878.2,2325.6,1757.3,1724.6,1592.9,1505.1,1438.9,1440,1413.8,1368.8,1333.3,1203.3,1110.7,1111.4,1077.8,1074.9,1032.8,958.3,1329.1,944.8,896.8,860,889.6,829.7,725,714.7,754.4,698.7,681.3,675.3,666.8,662.9,696,634,612.9,583.6,643.6,604.4,578.3,528.3,501.3,494.4,undefined,488.7,undefined,undefined,undefined,488.5,undefined,666.6,520.4,500.5,502,,,,,,,,,,,,,,,
2018-12-02T16:57:07.118Z,3894.6,3274.5,undefined,2907.6,2325.8,1756.9,1728.8,1592.2,1504.6,1438.9,1466,1411.7,1368.7,1339.2,1202.9,1109.6,1110.5,1077.6,1074.1,1032.6,957.8,1344.3,944.7,896.2,859.4,889.3,829.4,724.8,714.5,754.1,698.5,679.8,675.1,666.6,662.8,695,635.2,612.8,584,643.2,604.3,578.3,528.6,501.2,494.4,undefined,488.8,undefined,undefined,undefined,488.6,undefined,666.2,528.3,500.2,501.6,,,,,,,,,,,,,,,
2018-12-03T16:57:07.958Z,3893,3360.7,undefined,2917.4,2322.7,1756,1729.1,1589.7,1501.1,1438.1,1481.1,1412.3,1377.5,1355.2,1201.9,1108.8,1109.6,1077,1073.5,1031.8,957.6,1365.3,945.6,896.7,861.1,889.4,828.8,725,714.2,754,698.4,680,675,665.8,662.2,694.6,668.8,612.4,585.1,642.5,610.7,577.9,528.9,501.5,493.8,undefined,488.6,undefined,undefined,undefined,487.8,undefined,665.6,531.9,499.6,502.3,,,,,,,,,,,,,,,
2018-12-04T16:57:08.207Z,3893.6,3440.3,2805.6,2943.4,2325.9,1756.8,1739.7,1592.3,1503.3,1437.8,1482.1,1412.5,1392.2,1380.7,1202.5,1108.8,1110.6,1078.1,1075.2,1032.5,958,1394.7,946.8,896.9,859.5,888.6,829.8,725.4,714.6,754.1,699.1,680.9,675.3,666.3,662.7,702.7,683.9,612.7,585.3,643.5,636.2,578.2,529.7,501.7,494.1,undefined,undefined,undefined,undefined,undefined,undefined,1094,666.2,532.1,503.4,508,,,,,,,,,,,,,,,
2018-12-05T16:57:08.826Z,3887.4,3471.8,2814.2,2967.9,2323.9,1756.7,1737.9,1591,1501.6,1437.2,1487.6,1412.3,1395.5,1400.3,1202.1,1107.4,1109.8,1077.7,1075.1,1032.7,957.6,1429.9,945.6,896.6,859.1,910.1,829.9,725.4,714.9,754.7,698.8,679.8,675.8,665.9,662.6,701.3,682.6,612.8,584.9,642.8,649.3,578.2,529.3,501.5,493.9,undefined,undefined,undefined,undefined,undefined,undefined,1108.2,665.5,536.9,505.2,516.4,,,,,,,,,,,,,,,
2018-12-06T16:57:09.525Z,3890.1,3517.5,2823.6,2991.1,2324.6,1756.6,1738.2,1591.7,1504.4,1437.7,1488,1412.2,1397.1,1400.4,1201.3,1107.4,1110,1077.8,1074.5,1032.3,958.2,1468.9,945.4,896.4,859.3,921,829.7,725.4,715,754.2,698.4,679.3,675.4,666.2,662.4,701.4,683.1,612.6,584.4,643.7,651.9,595.1,529.2,undefined,undefined,undefined,undefined,undefined,undefined,undefined,undefined,1112.8,666.5,541.2,505.5,526.3,523.9,503.2,,,,,,,,,,,,,
2018-12-07T16:57:07.377Z,3901.3,3545.3,2823.4,2993.1,2323.9,1756.1,1737.9,1590.8,1504.5,1444.1,1487.3,1411.8,1395.7,1399.4,1200.6,1106.8,1109,1076.9,1074.1,1032.5,957,1496.8,946.5,896,858.6,934.4,830.8,725.7,715.7,753.5,698.1,678.8,675.2,665.7,662.6,702.1,701.5,612.7,583.7,642.9,650.7,610.3,529.3,undefined,undefined,undefined,undefined,undefined,undefined,undefined,undefined,1148.7,666.1,546.4,524.5,526.3,548.5,503.1,,,,,,,,,,,,,
2018-12-08T16:57:07.601Z,3910.3,3541.9,2820.6,2988.6,2320.5,1753.9,1736.4,1589,1502,1446.3,1495.7,1410.1,1394.6,1397,1199.2,1104.5,1107,1075.4,1071.9,1030.7,955.2,1505.7,944,896.5,857.4,954.3,830.4,724.1,714.1,753.5,698.3,677.8,674.2,664.4,661.7,706.8,700.4,611.8,582.5,641.8,651,614.5,528.4,undefined,undefined,undefined,undefined,undefined,undefined,undefined,undefined,1150.4,665.2,547.5,529.7,538.7,578.2,506.4,,,,,,,,,,,,,
2018-12-09T16:57:08.858Z,3933.7,3550.6,2822.5,2989.5,2320.4,1753.9,1738.7,1589.6,1502.1,1447,1497.2,1411.5,1395.2,1397,1200.2,1105.4,1107,1076.2,1072.7,1031.1,955.4,1554.2,944,896.8,857.6,973,831.3,725.7,714.6,754.2,698.3,677.7,673.9,664.4,661.7,707.8,701.2,611.9,582.8,642.4,651.1,614.9,528.9,undefined,undefined,undefined,undefined,undefined,undefined,undefined,undefined,1178,665.5,553.7,535.6,538.7,584.2,523.8,,,,,,,,,,,,,
2018-12-10T16:57:08.571Z,3946,3548.7,2828.2,2988.2,2319.6,1753.6,1748.1,1589.1,1500.9,1451.3,1496,1410.5,1405.6,1396.3,1199,1104,1105.6,1074.8,1071.1,1031.1,971.4,1604.2,943.4,896.2,875.8,986.4,831.2,725,714.4,754.3,698.2,677.2,674,664,661.9,707.5,700.3,611.5,583,642,650.6,625.4,528.8,undefined,undefined,undefined,undefined,undefined,undefined,undefined,undefined,1204.3,664.8,560.4,535.5,575,605.2,554.8,,,,,,,,,,,,,
2018-12-11T16:57:08.242Z,3944.6,3564.9,2826.1,3018.7,2319.9,1753.2,1754,1588.2,1499.8,1449.4,1494.5,1411.1,1405.9,1396,1198.1,1103,1104.4,1073.6,1071,1030.7,972,1628.6,942.9,895.8,889.6,990.5,901.8,724.7,713.7,754,697.7,676.5,673.7,663.8,661.5,705.9,700.1,610.7,582.1,641.6,666.4,630.3,529.1,undefined,undefined,undefined,undefined,undefined,undefined,undefined,undefined,1202.7,664.5,565.5,535.5,597.6,625.7,587.5,,,,,,,,,,,,,
2018-12-12T16:57:09.168Z,3941.3,3561,2823,3031.4,2317.2,1749.8,1753.1,1587.7,1499.1,1448.6,1517.5,1409.3,1410.2,1393.5,1197.9,1102.9,1102.1,1073,1068.5,1029.9,971.9,1659.7,942.1,894.9,890.4,1004.6,902.6,724.2,712.5,751.7,697.4,674.6,673.6,662.7,661.1,712.1,699.8,609.3,582.3,640.6,666.1,651.4,527.6,undefined,undefined,undefined,undefined,undefined,undefined,undefined,undefined,1202.5,664.3,574.7,534.3,619.2,630,606.4,,,,,,,,,,,,,
2018-12-13T16:57:08.250Z,3941.6,undefined,undefined,3032.2,2317.4,1755.1,1791,1586.9,1498.5,1457.4,1522.1,1408.8,1417.2,1393.8,1197.3,1102.5,1101.6,1073.1,1068.1,1029.9,971.8,1692.6,941.8,894.6,890.2,1009.2,901,724,712.4,752.7,697.2,673.3,673.2,662.6,661.5,717,699.4,610.1,582,640.7,672.2,655.7,527.1,undefined,undefined,undefined,undefined,undefined,undefined,undefined,undefined,1201.3,676.5,585.2,534.4,640.2,630,625.8,559.9,504.5,,,,,,,,,,,
2018-12-14T16:57:08.326Z,3939.5,undefined,undefined,3032.2,2316,1757.4,1783.6,1586.8,1499.2,1458,1521.3,1409.9,1426.4,1394.5,1196,1102.1,1101.4,1072.4,1067.3,1029.2,972.1,1697.8,942.2,894.6,889.7,1013.7,902.1,724.4,712.1,752.5,697.5,674,673.5,662.5,660.9,715.7,698.9,609.5,581.9,641.1,701.8,662,527.7,499.7,undefined,undefined,undefined,undefined,undefined,undefined,undefined,undefined,693.8,584.9,533.8,635.7,653.5,647.4,603.1,509.8,,,,,,,,,,,
2018-12-15T16:57:08.771Z,3942.8,undefined,undefined,3035.3,2318.2,1758.4,1800.4,1588.7,1500.8,1459.9,1523.7,1411,1441.6,1396.3,1197.5,1103.9,1103.5,1074.1,1068.7,1030.2,973.4,1718.2,944,894.8,891.5,1015.1,904.4,725,712.9,760.1,697.7,674.6,674,663.2,661.7,716.8,699.8,609.9,582.9,641.5,701.7,661.9,528.7,500.4,undefined,undefined,undefined,undefined,undefined,undefined,undefined,undefined,703.9,586,534.5,636.5,658,657,656.8,511.4,,,,,,,,,,,
2018-12-16T16:57:08.995Z,3943.7,undefined,undefined,3035.3,2319.5,1759.1,1799.2,1589.9,1501.7,1460.3,1524.2,1412.4,1448.6,1394.5,1197.9,1103.7,1102.7,1074.5,1069.6,1030.9,973.7,1734.8,944.1,894.7,891.8,1015.2,902.7,725.1,712.9,788.9,698.1,673.7,674.3,663.5,661.8,716.7,700,610.6,582.5,641.5,702.3,666.7,528.3,500.9,undefined,undefined,undefined,undefined,undefined,undefined,undefined,undefined,703.5,586.4,534.7,636.6,686.6,667.7,684,515.1,,,,,,,,,,,
2018-12-17T16:57:07.932Z,3956.6,undefined,undefined,3035.2,2319.9,1758.8,1800,1590.4,1502.3,1460.5,1524.3,1412,1471.7,1394.3,1198.4,1104,1102.8,1074.6,1070,1030.9,973.5,1739.6,944.7,895.1,891.8,1015.5,902.7,724.1,713.2,795.3,698,674.6,673.8,663.2,662,716.9,700,610.8,583,641,702.4,667.6,528.2,500.5,undefined,undefined,undefined,undefined,undefined,undefined,undefined,undefined,745,592,534.5,650.4,691.2,699.7,703.4,526.8,,,,,,,,,,,
2018-12-18T16:57:08.705Z,3966.5,undefined,undefined,3033.3,2317.6,1758,1806.4,1588.2,1500.2,1460.1,1523.3,1411.9,1472.3,1393,1197.8,1103.2,1101.6,1073.9,1068.4,1030.7,972.9,1737.8,945.6,895.2,891.6,1013.9,902.7,724.2,712.8,793.6,698.5,673.9,673.6,662.9,661.6,722.3,699.7,610.6,583.6,640.1,702.1,678,528.1,500.5,undefined,undefined,undefined,undefined,undefined,undefined,undefined,undefined,743.9,591,534.6,680.1,702.9,737,702.8,532.4,,,,,,,,,,,
2018-12-19T16:57:09.136Z,3962.6,undefined,undefined,3029.7,2314.6,1758.6,1803.6,1586.7,1499.2,1457.6,1520.6,1410.5,1482.5,1392.4,1195.7,1101.4,1099.8,1072.2,1067.4,1029.3,972.2,1736.4,943.3,894.7,897,1012.8,902.6,723.2,712.3,793.9,698.1,672.9,673.4,662.7,661,721.3,699.1,610,583.1,638.9,702.2,682.9,527.4,500.1,undefined,undefined,undefined,undefined,undefined,undefined,undefined,undefined,742.6,598.8,533.4,679.5,703.2,741,735.2,531.6,,,,,,,,,,,
2018-12-20T16:57:07.975Z,3962.4,undefined,undefined,3034.1,2315.5,1757,1802.4,1586.6,1500.1,1459.1,1522,1411.4,1482,1392.8,1196.7,1102.1,1100.9,1072.5,1067.8,1029.6,971.6,1737.1,948.6,894.6,898.3,1015.2,902.4,723.2,712,793.6,697.9,673.1,673.1,662.2,660.6,720.8,699.9,610.2,583.3,638.4,701,708,528.2,undefined,undefined,undefined,undefined,undefined,undefined,undefined,undefined,undefined,742.7,601.5,533.6,699.1,703.8,773.1,750.9,532.2,518.4,,,,,,,,,,
2018-12-21T16:57:09.917Z,3963.3,undefined,undefined,3034.9,2315.7,1757.8,1803.6,1586.4,1499.6,1459.3,1521.7,1411.2,1493.7,1392.8,1196.6,1102.3,1100.6,1072.7,1067.9,1029.2,971.6,1735.9,950.6,894.2,898.9,1015.2,902.2,723.4,712.1,793.9,698.6,673.1,673.5,663,660.2,720.9,699.2,609.8,584,637.2,699.9,726.2,528.9,undefined,undefined,undefined,undefined,undefined,undefined,undefined,undefined,undefined,742.7,600.9,532.8,746.9,702.8,803.6,757.7,549.9,545.4,,,,,,,,,,
2018-12-22T16:57:07.592Z,3963.1,undefined,undefined,3034.2,2315.7,1757.3,1808.5,1587,1500.5,1458.7,1521.1,1410,1504.4,1391.6,1196.3,1101.8,1100.4,1072,1067.6,1029,971.2,1736.4,950.5,893.9,898.7,1014.8,901.7,723.2,711.8,792.8,698.3,677.1,673.6,663.1,660.2,720.4,698.4,609.4,583,637,699.3,725.5,527.9,undefined,undefined,undefined,undefined,undefined,undefined,undefined,undefined,undefined,741.9,600.9,532.7,766.2,708.7,806.6,781.3,565.3,545.4,,,,,,,,,,
2018-12-23T16:57:08.325Z,3970.4,undefined,undefined,3031.5,2312.7,1755.1,1813.1,1585.4,1499.3,1456.6,1519,1408.3,1503.4,1389.6,1194.7,1100.3,1099.3,1069.9,1066.3,1027.6,969.6,1733.6,949.2,892.8,900.6,1013.3,901,721.8,710.3,792,697,682.6,672.2,661.6,659.4,719.2,697.3,607.6,582.3,635.9,699.6,743.2,527.1,undefined,undefined,undefined,undefined,undefined,undefined,undefined,undefined,undefined,740.8,599.7,532.1,764.7,712.1,804.8,829.1,578,579.2,,,,,,,,,,
2018-12-24T16:57:09.559Z,4000.7,undefined,undefined,3034.9,2316.4,1757.6,1816.3,1587.1,1502.5,1460.4,1523.4,1409.9,1544.6,1391.5,1197.7,1102.2,1103.1,1072.8,1069.4,1029.2,971.7,1738.5,950.3,893.9,903.3,1015.4,901.3,723.1,711.6,792.4,698.5,684.2,673.1,662.9,660.5,720,699.1,609.2,582.2,637.2,700.3,768.2,527,undefined,undefined,undefined,undefined,undefined,undefined,undefined,undefined,undefined,742.5,601.3,533.8,778.1,733.2,810.5,876.5,583.7,601.3,,,,,,,,,,
2018-12-25T16:57:08.592Z,4001,undefined,undefined,3034.3,2314.9,1756.5,1846.2,1586.7,1501.5,1460,1523.3,1408.7,1568.8,1390.5,1197,1101.6,1102,1072.7,1068.9,1028.3,970.7,1739,949.8,893.1,903.3,1014.8,901.4,722.4,711,791.6,697.3,683.9,672.5,661.8,660.1,720.6,699,608.6,581.8,636.7,698.9,767.4,527.3,undefined,undefined,undefined,undefined,undefined,undefined,undefined,undefined,undefined,742,601.3,533.6,800.6,751.5,836.8,940.4,588.3,624,,,,,,,,,,
2018-12-26T16:57:07.956Z,4000.6,undefined,undefined,3032.9,2313.2,1755,1844.7,1587.2,1501,1459.6,1523,1408.4,1567.1,1390.8,1197.4,1101.7,1101.5,1072.9,1068.7,1028.4,970.6,1739,948.2,891.9,901.8,1015,899.8,721.9,711,791.2,697.6,683.5,673,662.2,660.4,720.5,699.4,608.7,581.2,636.5,699,766.9,527.7,undefined,undefined,undefined,undefined,undefined,undefined,undefined,undefined,undefined,741.1,610.6,533.4,827.7,752.1,842.3,970.1,587.3,637.5,,,,,,,,,,
2018-12-27T16:57:08.822Z,4000.6,undefined,undefined,3031.2,2313.2,1754.9,1849.5,1586.4,1500.1,1459.8,1523.1,1408.1,1566.5,1390,1197.2,1101,1100.6,1072.6,1068.7,1028.6,970.5,1748.2,947.7,892.7,901.2,1014.8,899.7,721.9,710.8,791.8,697.4,683.8,672.7,662.1,660.7,721.4,698.7,609.1,581.3,637.3,699,767.8,527.7,undefined,undefined,undefined,undefined,undefined,undefined,undefined,undefined,undefined,741,620.5,533.8,840.1,761.5,842.8,979.1,597.9,662.3,,,,,,,,,,
2018-12-28T16:57:09.411Z,3998.1,undefined,undefined,3028.2,2310.9,1762.5,1853,1584.5,1497.7,1458.1,1520.8,1406.6,1570.3,1388.6,1195.9,1099.2,1099.4,1071.5,1067.7,1027.7,969.3,1746.6,947.6,892.3,899.9,1013.1,899.9,721.9,710,791.8,697.1,683.3,672.1,661.4,659.6,721,697,608.1,580.8,636.1,698.5,767.1,undefined,undefined,undefined,undefined,undefined,undefined,undefined,undefined,undefined,undefined,740.1,628.7,532.8,839.4,775,850.7,977.3,612.9,672.5,553.9,,,,,,,,,
2018-12-29T16:57:08.142Z,4006.4,undefined,undefined,3028.6,2310.5,1761.6,1851.1,1586.9,1498.3,1457.6,1520,1405.5,1568.2,1388.8,1195.2,1100.1,1099.5,1071.2,1067.1,1027.4,970.3,1756.9,946.9,891.5,899.5,1013,899.8,721,709.4,791.3,696.9,683,671.9,661.2,659.4,721.8,697.8,607.7,580.7,635.5,697.4,766.1,undefined,undefined,undefined,undefined,undefined,undefined,undefined,undefined,undefined,undefined,740.4,627.8,532.2,839.1,816.4,854.5,977.8,613.1,727.4,552.9,,,,,,,,,
2018-12-30T16:57:07.977Z,4006,undefined,undefined,3027.3,2310.1,1760.7,1868.1,1585.4,1496.7,1456.8,1519.4,1405.4,1567.7,1388.1,1194.2,1099.8,1099.1,1070.9,1067,1027,970.4,1756.1,946.9,891.6,899.6,1012.2,900.7,720.8,709.9,790.5,696.9,683,671.8,660.9,659.2,721.5,698,607.8,580.8,635.1,697.1,765.5,undefined,undefined,undefined,undefined,undefined,undefined,undefined,undefined,undefined,undefined,739.6,627.3,531.9,838.6,837.6,853.1,1002.4,613,787.2,553.1,,,,,,,,,
2018-12-31T16:57:08.965Z,4008.3,undefined,undefined,3029.4,2310.9,1760.6,1868.7,1584.3,1495,1457.3,1519.7,1405.8,1567.3,1388.5,1194.6,1100.1,1099.2,1071.1,1066.7,1027.3,970.6,1756.3,952.8,892.3,900.8,1011.8,900.5,721.2,710.1,789.6,696.9,683.2,672,661.2,659.5,722.2,697.7,607.8,580.8,634.3,696.5,765.8,undefined,undefined,undefined,undefined,undefined,undefined,undefined,undefined,undefined,undefined,739.3,627.1,531.7,850.9,860.2,853.5,1031.4,633.3,865.7,553.8,,,,,,,,,
2019-01-01T16:57:08.707Z,4005.5,undefined,undefined,3027.5,2308.7,1760.2,1867.3,1585.2,1495.4,1455.8,1518.1,1405.6,1568,1387.6,1194.3,1100.1,1098.7,1071.6,1066.3,1027,970.2,1755.4,952.8,891.9,899.3,1012,900.5,721.4,709.4,789.9,694.9,681.9,671.7,661.3,659.3,722.5,697.1,607.5,581,635,696,765.4,undefined,undefined,undefined,undefined,undefined,undefined,undefined,undefined,undefined,undefined,739.5,627.3,531.7,850.7,869.9,859.9,1049.7,639.5,1002.1,552.3,,,,,,,,,
2019-01-02T16:57:08.388Z,4008.6,undefined,undefined,3031.2,2310.8,1771.6,1889.5,1587.7,1498.1,1457.4,1530.1,1406.8,1569.6,1388.1,1194.3,1102.2,1100.8,1073.1,1067,1027,970.8,1756.7,966.8,892.5,921.2,1012.3,900.5,721.2,709.5,791.6,695.3,683.5,671.9,661.7,658.9,721.8,697.6,607.2,580.9,636.6,697.8,766.6,undefined,undefined,undefined,undefined,undefined,undefined,undefined,undefined,undefined,undefined,739.5,627.2,540.3,860.9,895,862.9,1062.1,645.5,1027.4,553.3,,,,,,,,,
2019-01-03T16:57:08.359Z,4004.5,undefined,undefined,3042,2309.7,1771.5,1896.8,1587.8,1495.2,1456.3,1529,1407.8,1568.4,1388.4,1194.1,1100.8,1099.2,1071.9,1066.4,1026.7,970.2,1756.4,965.7,891.9,919.6,1012.9,899.1,721.6,709.2,791.6,694.8,682.3,671.6,661.3,659,721.2,697.5,606.7,580.8,635.8,696.8,766.3,undefined,undefined,undefined,undefined,undefined,undefined,undefined,undefined,undefined,undefined,740,627.4,551.4,867.4,918.8,862.5,1100,644.6,1102.5,551.7,,,,,,,,,
2019-01-04T16:57:08.428Z,4002.1,undefined,undefined,3055.2,2307.7,1771.4,1904,1586.6,1495.1,1455.3,1570.4,1408.1,1567.1,1386.9,1193.6,1099.8,1098.6,1070.9,1066.3,1026.6,969.8,1754.3,965.4,892.4,918.7,1011.8,899.7,721.5,709.2,791.1,695.5,681.5,671.9,661.2,658.9,728.6,697.3,606.8,581.1,635.6,695.9,765.7,undefined,undefined,undefined,undefined,undefined,undefined,undefined,undefined,undefined,undefined,739.5,626.4,561,876.5,937,861.7,1135.1,643.8,1148.8,551.9,,,,,,,,,
2019-01-05T16:57:08.643Z,4003.9,undefined,undefined,3082.6,2309.2,1771.7,1910,1587.6,1495.4,1456.1,1607.4,1408.3,1567.3,1388.4,1194.7,1099.8,1099,1072,1066.2,1027.6,970.6,1755.6,965.6,892,918.7,1012.5,898.4,721.8,709.6,791.2,695.9,681.5,672.2,661.9,659.7,737.4,698,607.4,581.2,635.9,695.9,766.2,undefined,undefined,undefined,undefined,undefined,undefined,undefined,undefined,undefined,undefined,740.2,627.1,571.3,889.5,937.8,862.4,1154,649.2,1218.7,551.4,,,,,,,,,
2019-01-06T16:57:09.037Z,4005,undefined,undefined,3129.5,2309.3,1771.7,1918.1,1603.6,1495.7,1456.2,1611.9,1409,1569.3,1388,1194.8,1100.5,1099.2,1071.7,1066.1,1027.4,970.5,1755.5,966,891.9,919.2,1013.2,899,722.1,710,792.3,695.8,681.5,672.1,661.7,659.2,746.3,698.2,607.3,581.2,636.1,696.9,765.8,undefined,undefined,undefined,undefined,undefined,undefined,undefined,undefined,undefined,undefined,740.2,628.7,591.6,889.7,937.2,862.5,1175.1,654.2,1301,552,,,,,,,,,
2019-01-07T16:57:09.120Z,4008.1,undefined,undefined,3149.4,2310.8,1773,1920.1,1603.9,1497,1456.9,1615.6,1410,1570.3,1389.2,1195.1,1101.4,1099.6,1072.3,1066.7,1027.8,970.8,1778.1,966.4,892.2,921,1013.7,899.1,722.8,710.6,793.2,696.6,681.8,672.7,662,659.2,746.4,698.8,607.3,581.6,638.1,703.8,767.4,undefined,undefined,undefined,undefined,undefined,undefined,undefined,undefined,undefined,undefined,740.4,629,603.2,914.5,938.2,865,1220.2,654.7,1318.1,552.4,,,,,,,,,
2019-01-08T16:57:09.444Z,4008.2,undefined,undefined,3154.6,2312.2,1773.4,1920.8,1609.5,1497.8,1457.1,1630.7,1409.8,1571.4,1389.4,1195.7,1101.1,1099.6,1072.4,1066.6,1027.9,970.8,1783.6,966.7,892.3,924.7,1013.6,899.2,722.7,710.9,793.4,696.3,682.9,672.6,662.1,659.5,746.6,699,607.5,581.6,638.6,704.3,767.6,undefined,undefined,undefined,undefined,undefined,undefined,undefined,undefined,undefined,undefined,740.5,628.9,621.8,943.4,946.2,865.3,1259.7,655.1,1341.5,553.4,,,,,,,,,
2019-01-09T16:57:08.725Z,4005.1,undefined,undefined,3154.8,2310.4,1771.9,1919.7,1609.4,1496.6,1456.6,1644.1,1409.5,1570.3,1389.3,1195.3,1100.5,1099.5,1072.3,1066.2,1027.5,970.6,1798.9,966.6,891.5,924.4,1013.4,898.7,722.6,710.7,793,696,682.4,672.4,662,659.6,756,698.8,607.3,581.8,638.1,703.5,767.1,undefined,undefined,undefined,undefined,undefined,undefined,undefined,undefined,undefined,undefined,751.3,637.8,629,943.1,979.9,864.9,1277,654.7,1372.1,552.9,,,,,,,,,
2019-01-10T16:57:11.184Z,4007.7,undefined,undefined,3156.9,2311.7,1772.8,1921.6,1613.8,1497,1458.1,1659.1,1442.7,1570.3,1390.8,1196.5,1101.9,1101,1073.6,1067.2,1028.1,971.3,1815.9,967.1,891.7,924.8,1013.7,898.8,723.6,711.4,793.5,696.9,682.7,673.1,662.6,660.2,763.7,699.6,608.2,582.4,638.2,703.4,767.5,undefined,undefined,undefined,undefined,undefined,undefined,undefined,undefined,undefined,undefined,752,660,629.9,950.3,995,865,1300.5,654.5,1404.2,555,,,,,,,,,
2019-01-11T16:57:08.873Z,4006.5,undefined,undefined,3158.3,2311.7,1773.3,1923.5,1626.9,1497.8,1459.1,1659.9,1442,1573.7,1391.4,1196.8,1102.3,1101.6,1073.9,1068.3,1028.2,971.8,1865.5,967.4,891.6,925,1014.5,899,723.5,711.6,793.8,696.6,682.9,672.9,662.7,660.4,763.8,700.5,608.1,582.3,638.4,703.6,767.8,undefined,undefined,undefined,undefined,undefined,undefined,undefined,undefined,undefined,undefined,751.4,675,629.5,989.3,1002.3,864.6,1315.7,655.2,1424.5,554.5,,,,,,,,,
2019-01-12T16:57:08.389Z,4003.5,undefined,undefined,3153.8,2309.3,1772.4,1921.3,1649.2,1496,1457.2,1663.9,1441.6,1570.7,1390.4,1194.5,1100.4,1100.4,1072,1067.1,1027.7,970.2,1889.1,967.2,890.8,923.2,1013.4,896.7,723.4,711.5,794.7,696,681.9,672.6,662.3,659.8,764.3,699.2,607.5,581.6,637.9,702.8,775.6,undefined,undefined,undefined,undefined,undefined,undefined,undefined,undefined,undefined,undefined,751,674.3,629.2,1001.3,1014.6,864.1,1324.3,653.8,1433.1,undefined,558.1,,,,,,,,
2019-01-13T16:57:09.371Z,4002.5,undefined,undefined,3153.4,2309.5,1774.4,1921.9,1651.9,1496.8,1457,1684.7,1441.2,1570.6,1389.4,1194.7,1101,1100,1072.4,1066.9,1027.6,970.2,1917.7,972.2,891.1,923.2,1013.4,897.6,722.4,710.7,794.3,695.9,685.3,672.6,662.1,659.7,764.6,699,607.5,581.7,637.2,702.7,777.3,undefined,undefined,undefined,undefined,undefined,undefined,undefined,undefined,undefined,undefined,751,673.8,629.1,1000,1018.6,863.9,1323.8,653.9,1443.8,undefined,560,,,,,,,,
2019-01-14T16:57:09.042Z,4003.9,undefined,undefined,3169.3,2309.1,1774.9,1934.9,1657.6,1496.1,1457.5,1688.3,1442.7,1572.3,1389.6,1194.9,1101.2,1100,1072.5,1067.1,1027.5,970.2,1936.3,972.4,891.4,923.3,1012.9,898.4,722.7,710.9,794.4,696.1,684.2,672.8,662,659.4,765.1,699.4,607.4,581.9,637.9,703.2,776,undefined,undefined,undefined,undefined,undefined,undefined,undefined,undefined,undefined,1443.3,751.6,679,629.7,1000.2,1048.9,864.2,1324.2,654,undefined,undefined,undefined,575.7,,,,,,,
2019-01-15T16:57:09.203Z,4005.6,undefined,undefined,3178.3,2310.9,1777,1935.8,1675.8,1496.9,1458.6,1706.9,1443.6,1574.2,1390.6,1196.4,1103.3,1100.8,1072.4,1067.7,1028.3,970.7,1970.2,973.1,892.1,924.6,1013.9,897.9,722.8,711.9,795.2,696,683.8,673.3,662.3,660.2,765.5,699.8,608.2,582.7,638.1,703.5,777,undefined,undefined,undefined,undefined,undefined,undefined,undefined,undefined,undefined,1450.7,761.6,700,645.6,1027.6,1050.9,866.7,1344.4,677.2,undefined,undefined,undefined,710.4,,,,,,,
2019-01-16T16:57:09.842Z,4004.2,undefined,undefined,3206.1,2309.7,1775.5,1935.4,1673.5,1496,1456.9,1719.9,1442.1,1572.2,1389.4,1192.8,1100.8,1099.8,1071.4,1070.2,1027.9,970.5,1989,973.6,891.6,931.5,1032.7,897.4,722.1,711.4,794.9,695.5,683.7,672.2,661.7,659.4,766.1,699.3,607.8,581.5,638.6,705.5,775.7,undefined,undefined,undefined,undefined,undefined,undefined,undefined,undefined,undefined,undefined,777.6,724.5,644.2,1054.2,1049.1,864.3,1365.8,696.6,undefined,undefined,610.2,764.6,,,,,,,
2019-01-17T16:57:07.574Z,4007.4,undefined,undefined,3217.8,2312.2,1775,1962.1,1674.7,1498.4,1457.9,1724,1441.4,1574.7,1389.8,1193.8,1101.8,1100.6,1072.6,1076.5,1027.9,971.3,1988,974.9,891.9,932,1044.3,899.2,721.9,710.9,794.9,695.2,684.3,672,661.5,658.5,765.9,700.5,607.3,undefined,638,720.2,775.1,undefined,undefined,undefined,undefined,undefined,undefined,undefined,undefined,undefined,undefined,779.6,735.3,655.2,1058.2,1050,874.5,1380.1,708.6,1533,undefined,617,841.4,,,,,,,
2019-01-18T16:57:11.883Z,4006.3,undefined,undefined,3255.5,2311.4,1776.1,1962.2,1671.5,1497.4,1457.6,1735,1441.7,1572.9,1392.2,1191.1,1115,1100.9,1072.6,1076.5,1028.4,971.6,2011.2,989.4,892.2,932,1044.3,899.2,725.3,711.2,792.6,695,684.9,672.8,662.3,658.2,765.1,699.8,607.3,undefined,640,720,775.4,undefined,undefined,undefined,undefined,undefined,undefined,undefined,undefined,undefined,undefined,778,733.3,652.8,1055.4,1067,872.3,1385.3,705.5,1561.5,undefined,614.8,873.5,,,,,,,
2019-01-19T16:57:08.197Z,4006.5,undefined,undefined,3261.6,2311.6,1777.1,1961.9,1671.2,1497.6,1459.2,1734.9,1443.7,1572.2,1392.9,1192.3,1116,1102.3,1073.5,1077,1029.5,972.4,2022.6,1006.1,893.7,933.3,1053.3,900.4,725.4,712.6,792.4,695.4,686.5,673.4,662.9,659.1,765.4,700.2,undefined,undefined,639.8,720.9,775.4,undefined,undefined,undefined,undefined,undefined,undefined,undefined,undefined,undefined,1462.6,778.2,733.1,651.4,1054.5,1070,879.5,1383.1,708.3,1572.4,undefined,612.9,874.5,,,,,,,
2019-01-20T16:57:07.932Z,4006.5,undefined,undefined,3267,2310.8,1776.7,1962.8,1675.3,1498.1,1458.2,1734.7,1449.3,1572.8,1391.2,1191.7,1115.7,1101.5,1072,1076.4,1029,972,2038.9,1024.5,894,932.7,1060.1,899.8,724.5,712.5,791.8,695.1,686.6,673.2,662.7,658.7,773.3,700.2,undefined,undefined,639.1,720.8,775,undefined,undefined,undefined,undefined,undefined,undefined,undefined,undefined,undefined,1475.9,787.1,732.8,651.5,1053.7,1075.4,901.5,1383.2,708.3,1581,undefined,612.8,1002.2,,,,,,,
2019-01-21T16:57:09.926Z,4002.8,undefined,undefined,3268.2,2309,1777.1,1961.8,1674.6,1497.1,1458.3,1742.6,1451.2,1571.4,1390.3,1191.6,1119.4,1101.2,1072.1,1076.3,1028.4,993.3,2050.7,1024.4,893.5,933,1067.3,899.3,724.1,711.8,791.4,694.9,686,673.2,662.5,658.4,773.7,700.6,undefined,undefined,638.3,727.6,774.2,undefined,undefined,undefined,undefined,undefined,undefined,undefined,undefined,undefined,undefined,789.6,732.1,651,1052.5,1087.9,904.5,1396.8,707.3,1621.8,664.4,637.1,1028,,,,,,,
2019-01-22T16:57:08.715Z,4001.8,undefined,undefined,3268.9,2307.8,1776,1962.3,1674.3,1497.3,1458,1743.1,1449.3,1571.5,1390.8,1190.7,1126.5,1101.1,1072,1075.9,1028,992.9,2074.6,1024.5,892.9,932.5,1066.8,897.7,724.8,711.2,789.3,694.3,686.7,672.7,661.9,658.2,774.2,700.6,undefined,undefined,639.5,727.3,773.6,undefined,undefined,undefined,undefined,undefined,undefined,undefined,undefined,undefined,undefined,801.3,732.2,650.4,1080.4,1091.2,903.9,1398.2,714.4,1636.3,821.4,636.8,1049.2,,,,,,,
2019-01-23T16:57:07.531Z,4000.7,undefined,undefined,3266.6,2307.4,1776.1,1968.7,1677.8,1497.4,1456.9,1763.2,1454.5,1571.2,1389.4,1190,1134.2,1100.3,1071.6,1082.3,1027.4,993.6,2092,1024.3,893.2,932.7,1065.7,896.7,723.5,710.5,789,694.3,685.7,672.6,661.8,657.8,775.5,709,undefined,undefined,640,726.4,772,undefined,undefined,undefined,undefined,undefined,undefined,undefined,undefined,undefined,undefined,800.8,736.1,651.8,1094.4,1100.2,903.1,1412.2,730,1696.8,895.1,648,1096.2,,,,,,,
2019-01-24T16:57:09.075Z,4003.8,undefined,undefined,3269.1,2308.5,1776.7,1980.6,1700.9,1498.5,1458.5,1780.7,1455.7,1571.4,1389.4,1190.1,1151.4,1101.2,1072.5,1084.9,1027.7,993.1,2095.2,1025.2,893.5,934,1065.4,897.3,723.6,710.7,789.5,694.5,686.6,672.8,662.4,657.6,775.9,710,undefined,undefined,640.3,730.4,772.4,undefined,undefined,undefined,undefined,undefined,undefined,undefined,undefined,undefined,undefined,817.8,749.3,656,1095.5,1102.2,910,1416.6,747,1717.7,936.2,649.2,1110.6,,,,,,,
2019-01-25T16:57:07.944Z,4004.7,undefined,undefined,3298,2309,1774.7,1980,1715.3,1498.4,1458.3,1779.6,1455,1571.6,1389.4,1191.1,1174.3,1100.9,1072.3,1084.1,1027.6,992.3,2099.3,1025.2,893.3,934.6,1065.2,895.9,723.2,710.9,789.4,694.8,686.5,672.5,662.4,657.3,775.1,710.1,undefined,undefined,undefined,736,771.1,undefined,undefined,undefined,undefined,undefined,undefined,undefined,undefined,undefined,undefined,816.7,748.8,662,1109.8,1101,911.3,1416.8,746.5,1729.4,972,650.8,1110.8,643.2,,,,,,
2019-01-26T16:57:07.464Z,4004.1,undefined,undefined,3324,2309.2,1776.3,1980,1749.7,1498.4,1459,1778.9,1454.7,undefined,1390.5,1190.8,1173.5,1101,1072.1,1083.1,1029.2,992.8,2112.7,1025.5,893.7,935.2,1066.6,897.4,724.2,711.8,790.7,696,686.7,673.9,663.2,657.9,776.1,710.1,undefined,undefined,640.7,734.8,771.9,undefined,undefined,undefined,undefined,undefined,undefined,undefined,undefined,undefined,undefined,814.4,746.7,660.3,1109.9,1108,919.3,1416.4,745.8,1743.3,972.1,649.4,1127.8,645.7,,,,,,
2019-01-27T16:57:08.146Z,3999.9,undefined,undefined,3320.8,2306.7,1774.6,1978.7,1752.4,1497.5,1456.8,1777.6,1452.6,undefined,1390.5,1189.7,1171.7,1099.1,1070.4,1081.3,1028.1,991.8,2113.4,1023.5,893.5,934.1,1065.2,898.3,724.5,711.5,788.2,695.9,687.7,674,662.3,657.8,775.7,709.5,undefined,undefined,639.4,731.2,772.4,undefined,undefined,undefined,undefined,undefined,undefined,undefined,undefined,undefined,undefined,819.3,745.7,659.3,1108.6,1107.1,941.4,1414.4,744.3,1767.2,972.5,649.6,1125.6,651.1,,,,,,
2019-01-28T16:57:07.432Z,4001.9,undefined,undefined,3335.9,2306.6,1774.3,1980.8,1786.5,1496.8,1457.5,1785.3,1451.6,undefined,1390.1,1190,1172.2,1099.1,1070.8,1080.4,1028.1,992.7,2121.2,1024.8,894,934.3,1073.9,898.3,725.2,711,788.4,696.3,687.7,674.4,662.7,658,776.4,709.7,undefined,undefined,639.4,729.9,771.8,undefined,undefined,undefined,undefined,undefined,undefined,undefined,undefined,undefined,undefined,841.1,744.2,658.5,1109.3,1115.9,940.8,1415.2,745.3,1824.4,972.7,656.1,1122.8,651.2,,,,,,
2019-01-29T16:57:09.031Z,4000.9,undefined,undefined,3335.8,2304.9,1773.6,1979.5,1804.7,1498.3,1456.4,1825.4,1452.2,undefined,1389.2,1189,1172.2,1099.5,1071.1,1079.9,1026.8,992,2138.9,1024.6,893.6,933.7,1086,901.5,725.2,710.6,788.5,695.9,687.1,673.9,662.6,657,775.8,709.3,undefined,undefined,639.2,730.3,771.1,undefined,undefined,undefined,undefined,undefined,undefined,undefined,undefined,undefined,undefined,844.6,743.6,657.6,1119.6,1136.5,940,1424.2,745.3,1852.6,973.7,655.2,1123.5,655.4,,,,,,
2019-01-30T16:57:09.707Z,4005.8,undefined,undefined,3351.7,2303.8,1772.3,1978.1,1812.9,1495.7,1456.6,1825,1451.1,undefined,1388.6,1188.7,1170.9,1099.5,1070.9,1079.3,1026.7,992.2,2156,1023.7,893.7,932.8,1086.7,900.8,724.8,710.2,788.2,695.2,686.6,673.4,661.9,656.5,775.2,709.6,undefined,undefined,undefined,729.7,771.4,undefined,undefined,undefined,undefined,undefined,undefined,undefined,undefined,undefined,undefined,850.5,743.8,657.4,1123.7,1141.4,940.3,1422.8,744.4,1873.6,1019.3,672.6,1122.5,666.2,640,,,,,
2019-01-31T16:57:08.102Z,4007.6,undefined,undefined,3351.5,2304.6,1772.5,1979,1819.3,1495.9,1457.3,1825.9,1452.2,undefined,1389.2,1190.3,1172.6,1099.6,1071.8,1080.5,1026.8,992.6,2172.5,1023.8,892.3,933.4,1087.2,901.8,724,709.9,788.7,695.4,687.4,673.2,662,656.1,775,710,undefined,undefined,undefined,730.9,772.9,undefined,undefined,undefined,undefined,undefined,undefined,undefined,undefined,undefined,undefined,857.6,743.5,657.5,1128.7,1147.5,950.4,1424.2,745.6,1907,1020.3,672.5,1146,689.9,undefined,649.1,,,,
2019-02-01T16:57:09.243Z,4006.1,undefined,undefined,3361.9,2303.1,1772,1979.6,1819.3,1496,1457.8,1825.6,1451,undefined,1388.6,1189.4,1207,1099.8,1072.1,1080.2,1026.2,992.6,2180.2,1024.3,892.7,933.5,1085.6,901.7,724.3,709.8,788.5,695.3,687.6,672.9,661.8,655.9,775.4,710.3,undefined,undefined,undefined,730.8,772.9,undefined,undefined,undefined,undefined,undefined,undefined,undefined,undefined,undefined,undefined,857.6,742.8,657.2,1142,1147.8,950.9,1436.3,745.4,1933.6,1019.8,671.9,1158.4,705,undefined,663.4,,,,
2019-02-02T16:57:09.456Z,4008.5,undefined,undefined,3356.2,2301,1769.2,1977,1831.1,1493.7,1457.1,1837.3,1449.9,undefined,1387.3,1188.7,1214.9,1098.6,1071.6,1079.6,1025.8,992.2,2207.7,1023.9,892.7,932.6,1084.8,901.5,724.6,709.5,787.7,694.5,685.5,672.9,661.5,655.5,774.5,708.8,undefined,undefined,undefined,730.6,772.6,undefined,undefined,undefined,undefined,undefined,undefined,undefined,undefined,undefined,undefined,866.9,751.7,655.8,1153.3,1143.8,948.3,1451,745.3,1971.5,1041.9,670.2,1238.4,701.4,undefined,662.6,,,,
2019-02-03T16:57:08.861Z,4004.8,undefined,undefined,3350.5,2297.7,1768.1,1976.2,1836.8,1492.2,1455.3,1843.4,1448.7,undefined,1385.6,1187.6,1214.4,1096.6,1070.2,1078.9,1025.2,991.1,2239.4,1024.1,892,932.7,1082.1,902.2,723.6,709,786.9,694.3,685.9,672.4,660.8,655.4,774.1,708.8,undefined,undefined,undefined,730,771.7,undefined,undefined,undefined,undefined,undefined,undefined,undefined,undefined,undefined,undefined,871.2,749.8,654.9,1156.5,1141.1,948.2,1447.9,770.8,2023.6,1040.5,668.8,1251.3,699.6,undefined,661.2,,,,
2019-02-04T16:57:10.602Z,4006,undefined,undefined,3374.3,2299.9,1770.3,1975.7,1866.5,1494.2,1455.8,1843.7,1451.5,undefined,1386.3,1187.5,1215.4,1096,1070.2,1080,1026.3,992.8,2281,1023.7,892.4,933.3,1083.4,902.3,723.9,709.6,788.3,695.1,685.4,672.9,661.6,656.1,773.6,709.3,undefined,undefined,undefined,736.6,772.7,undefined,undefined,undefined,undefined,undefined,undefined,undefined,undefined,undefined,undefined,877.8,749.4,undefined,1157.9,1149.8,948.5,1468.5,789.7,2060.9,1040.2,669.9,1255.4,700.4,undefined,661.9,662.4,,,
2019-02-05T16:57:09.785Z,4006.6,undefined,undefined,3417.4,2298.1,1768.8,1973.4,1865.9,1492.8,1455.4,1841.9,1451.1,undefined,1385.7,1187.2,1214.4,1095.8,1069.6,1078.4,1025.6,992.3,2308.9,1023.8,891.8,932.4,1082.3,902.3,722.9,708.4,786.1,695,684.9,673.3,661.3,undefined,774.6,708.9,undefined,undefined,undefined,735.8,770.1,undefined,undefined,undefined,undefined,undefined,undefined,undefined,undefined,undefined,undefined,875.9,751,undefined,1170.1,1152.1,966.5,1487.5,787.5,2091.9,1039.4,674.3,1278,699,659.2,660.4,668.4,,,
2019-02-06T16:57:09.453Z,4009,undefined,undefined,3420.3,2299.2,1769.2,1974.8,1867,1494.6,1456.5,1855.5,1450.6,undefined,1386.4,1188.2,1215.5,1096.7,1070.9,1078.5,1025.8,992,2317.7,1025,892.1,932.9,1083.1,902.3,723.5,709,791.3,695,685.2,673.6,661.8,undefined,775.1,709,undefined,undefined,undefined,735.8,769.7,undefined,undefined,undefined,undefined,undefined,undefined,undefined,undefined,undefined,undefined,876,756,undefined,1184.7,1152.1,975.9,1489.5,801.7,2108.8,1063.8,675.1,1309.3,706.6,661.8,660.2,668.8,,,
2019-02-07T16:57:09.666Z,4008.1,undefined,undefined,3426.6,2300.3,1769.4,1975.6,1875.9,1494.6,1456.9,1882.5,1450.9,undefined,1385.9,1188.2,1216.3,1097.4,1070.8,1078.6,1026.4,991.5,2366.8,1025.3,893,933.3,1082.8,902.2,723.8,709.1,791.3,695.4,685.5,673.7,undefined,undefined,776,709.6,undefined,undefined,undefined,736.5,770.4,undefined,undefined,undefined,undefined,undefined,undefined,undefined,undefined,undefined,undefined,876.8,759.7,undefined,1188.4,1152.9,976.6,1494.5,813.2,2137.2,1064.6,675.2,1325,717.4,683.7,682.1,669,683.7,,
2019-02-08T16:57:08.132Z,4008.5,undefined,undefined,3427.3,2301.9,1769.8,1983.2,1876.8,1495.6,1458.5,1901.1,1451.3,undefined,1387.8,1189.1,1216.2,1098.4,1071.7,1078.6,1027.5,993.4,2390.1,1025,892.9,934.1,1083.8,903.3,724.4,709.5,791.2,695.9,685.4,674.1,undefined,undefined,775.7,710.8,undefined,undefined,undefined,736.2,770.6,undefined,undefined,undefined,undefined,undefined,undefined,undefined,undefined,undefined,undefined,877.7,760.7,undefined,1197.1,1154.3,977.5,1493.9,817.2,2186.2,1066,684.4,1326.4,722.3,684.1,682.3,675.4,683.6,,
2019-02-09T16:57:07.878Z,4010.7,undefined,undefined,3430.4,2300.9,1768.7,1982.8,1882.2,1492.7,1457.6,1900.1,1452.3,undefined,1387.5,1189.4,1216,1098.3,1071,1078.1,1027.2,992.7,2403.6,1024.9,892.9,932.8,1083.9,900.4,723.8,708.8,790.1,695.8,685.4,673.9,undefined,undefined,775.7,710.1,undefined,undefined,undefined,735.3,770.5,undefined,undefined,undefined,undefined,undefined,undefined,undefined,undefined,undefined,undefined,883.8,760.4,undefined,1209.5,1173.3,978.3,1493.2,825.4,2189.4,1064.7,685.2,1328.6,723.1,683.4,714.8,675.4,682.1,,
2019-02-10T16:57:10.123Z,4008.4,undefined,undefined,3431.3,2300.5,1769.3,1987.1,1916.8,1492,1457.4,1899.4,1451.1,undefined,1386.9,1189.1,1215.5,1098.4,1071,1078.5,1027.7,992.5,2431.1,1024.9,893,933.7,1084.2,901.3,723.2,709.7,789.8,696.2,686,674.3,undefined,undefined,774.5,709.9,undefined,undefined,undefined,734.8,770.6,undefined,undefined,undefined,undefined,undefined,undefined,undefined,undefined,undefined,undefined,893.5,761.6,undefined,1209.8,1182.9,978.3,1492.3,844.6,2191,1064.2,685,1326.8,723.2,696.3,714.2,675.1,682.1,,
2019-02-11T16:57:09.961Z,4008.5,undefined,undefined,3430.9,2300.1,1768.4,1986.5,1923.8,1492.3,1456.4,1924.7,1457.1,undefined,1386.3,1188.9,1221.6,1098,1070.8,1078.1,1027,992.1,2454.4,1023.5,892.2,933.4,1099.6,902,723,709.5,790.6,696.4,687,674,undefined,undefined,774.2,710.1,undefined,undefined,undefined,743,770.5,undefined,undefined,undefined,undefined,undefined,undefined,undefined,undefined,undefined,undefined,916.5,767.9,undefined,1210.8,1199.9,978.1,1492.3,854.9,2209.5,1124.4,696.9,1326.5,724.1,716.8,714.5,675.2,696.5,,
2019-02-12T16:57:09.103Z,4001.2,undefined,undefined,3427.9,2298.5,1767.9,1983.7,1921.5,1490.3,1455.7,1926.7,1454.8,undefined,1386.2,1188.7,1220.8,1096.3,1069,1077.1,1026.4,992.2,2464.9,1022.7,892.1,932.2,1098.1,901.6,723,709,790.1,695.2,686.2,undefined,undefined,undefined,772.6,709.2,undefined,undefined,undefined,741.5,769.1,undefined,undefined,undefined,undefined,undefined,undefined,undefined,undefined,undefined,undefined,923.1,767.2,undefined,1219.3,1225.9,977.8,1490.7,852.8,2210,1135.6,696.2,1326.7,723,713.5,722.1,675,733.4,789.2,
2019-02-13T16:57:08.773Z,4001,undefined,undefined,3428.3,2298.7,1768.2,1984.8,1921.7,1489.5,1454.6,1941.6,1454.7,undefined,1384.9,1188.2,1220.2,1096.1,1068.3,1077.6,1026.3,991.7,2480.1,1022.2,890.5,932.5,1098.2,902.1,722.4,708.6,790.8,695.5,686.3,undefined,undefined,undefined,772.9,709.6,undefined,undefined,undefined,740.8,770.4,undefined,undefined,undefined,undefined,undefined,undefined,undefined,undefined,undefined,undefined,923.9,767.5,undefined,1231.4,1240.9,978.6,1495.6,852.9,2211.5,1135.3,696.6,1331.9,738.1,732.3,726.9,675.2,734.3,810.3,
2019-02-14T16:57:09.001Z,4002.7,undefined,undefined,3435.5,2296.4,1766.8,1982.8,1919.6,1489.3,1452.4,1953.3,1453.6,undefined,1381.9,1186.9,1219,1094.7,1066.3,1076.5,1024.5,990,2503.6,1021.2,890.6,931.5,1096.8,902.3,720.8,707.5,790.1,694,685.9,undefined,undefined,undefined,772.5,708.5,undefined,undefined,undefined,739.7,768.8,undefined,undefined,undefined,undefined,undefined,undefined,undefined,undefined,undefined,undefined,927.6,766,undefined,1243.9,1243.6,977.5,1513.1,863.3,2211.4,1135.8,707.3,1343.4,737.3,747.9,742,undefined,735.6,827,734.1
2019-02-15T16:57:08.270Z,4014.3,undefined,undefined,3449.9,2296.9,1767.5,1990.3,1921.8,1489.9,1453.3,1967,1453.6,undefined,1383.2,1186.7,1219.1,1095.7,1067.5,1076.4,1025.1,990.2,2516.6,1019.8,891.1,932.6,1097.5,902.1,721.6,708.1,790.4,694.8,685.8,undefined,undefined,undefined,772.2,709.1,undefined,undefined,undefined,738.4,770.6,undefined,undefined,undefined,undefined,undefined,undefined,undefined,undefined,undefined,undefined,937.9,770.1,undefined,1243.3,1250.4,977.7,1529.1,864.7,2211.9,1135.1,707.8,1370.9,738.7,747.6,749.7,undefined,734.4,826.2,733.8
2019-02-16T16:57:08.585Z,4035,undefined,undefined,3483.5,2297.5,1768.4,1993.2,1930.3,1489.4,1455,1981.6,1452.8,undefined,1383.7,1187.2,1220.9,1096.9,1068.2,1076.2,1025.2,990.7,2527,1019.8,892.1,933.5,1098.2,902.3,723.3,708.5,791.1,694.7,686.2,undefined,undefined,undefined,772.3,709.3,undefined,undefined,undefined,738.3,772.3,undefined,undefined,undefined,undefined,undefined,undefined,undefined,undefined,undefined,undefined,944.3,770.2,undefined,1244.6,1250.8,977.7,1531.6,884.4,2213.8,1136.5,707.9,1371.2,739.3,748.4,765.3,undefined,734.6,827.1,734.7
2019-02-17T16:57:08.228Z,4035.1,undefined,undefined,3485.9,2297.4,1769.2,1995.6,1930.9,1490,1455.5,1982.7,1453.9,undefined,1382.7,1186.8,1227.3,1097.1,1068.3,1076.8,1024.7,990.4,2526.9,1020.1,891.1,933.1,1108.9,902.2,723.7,707.8,792.4,694.7,687,undefined,undefined,undefined,772.4,709.2,undefined,undefined,undefined,738.8,773.9,undefined,undefined,undefined,undefined,undefined,undefined,undefined,undefined,undefined,undefined,945.1,770.3,undefined,1253.9,1249.7,976.8,1538.5,892.7,2213.9,1137.5,708.4,1376.2,738.6,749.7,765.7,undefined,741.9,829.6,734.7
2019-02-18T16:57:08.533Z,4042.1,undefined,undefined,3487.3,2299.1,1770.4,2004.4,1932.7,1491.8,1456.8,1991.9,1454.7,undefined,1384.6,1188.5,1242.3,1098,1069.4,1077.7,1025.4,991.3,2548.6,1021.4,891.7,933.6,1121.3,901.5,723.9,708.4,793.7,695.1,687,undefined,undefined,undefined,773.6,710.8,undefined,undefined,undefined,739.4,775.1,undefined,undefined,undefined,undefined,undefined,undefined,undefined,undefined,undefined,undefined,951.3,771.4,undefined,1258.4,1264.2,978.6,1538.3,893.2,2219.5,1137,726,1380.2,739.1,749,765.4,undefined,784,833,735.2
2019-02-19T16:57:16.665Z,4042.9,undefined,undefined,3487.2,2299.9,1773.1,2005.4,1933.2,1492.4,1457.4,1996.4,1455.2,undefined,1385.5,1188.9,1242.7,1099.1,1070,1079.5,1026.3,991.2,2557.7,1021,891.9,933.6,1125.8,900.8,724.1,709,794.7,696.1,687.5,undefined,undefined,undefined,774.6,711.6,undefined,undefined,undefined,739.9,773.3,undefined,undefined,undefined,undefined,undefined,undefined,undefined,undefined,undefined,undefined,952,undefined,undefined,1262.4,1273.7,980.1,1537.7,891.8,2221.6,1156.7,725.8,1392.5,748.9,748.5,764.6,678.3,783.2,841,735.2
2019-02-20T16:57:08.829Z,4046.5,undefined,undefined,3488.5,2299.9,1772.6,2008.8,1932.7,1492.5,1457.4,2004.7,1455.7,undefined,1384.5,1188.5,1242.1,1098.2,1069.6,1079.7,1025.7,991.2,2584.5,1022.4,891.6,933.6,1125.6,901.2,724.4,709.1,795,696.3,687.4,undefined,undefined,undefined,776.3,711.3,undefined,undefined,undefined,740.3,773.7,undefined,undefined,undefined,undefined,undefined,undefined,undefined,undefined,undefined,undefined,955.8,undefined,undefined,1271.6,1282.6,980,1537.2,895.3,2222.6,1157.2,730.8,1396.3,753.8,757.8,765.3,677.7,786.5,876.3,734.9
2019-02-21T16:57:08.345Z,4057.9,undefined,undefined,3493.6,2297,1770,2007.2,1934.6,1489.9,1454.7,2002.3,1453.5,undefined,1381.8,1187.2,1241,1096.3,1068.3,1077.1,1023.8,990.4,2602.4,1020.8,890.8,932.9,1124.4,900.5,722.8,707.3,795,695.5,686.9,undefined,undefined,undefined,775.5,709.9,undefined,undefined,undefined,740.3,773.1,undefined,undefined,undefined,undefined,undefined,undefined,undefined,undefined,undefined,undefined,954.5,undefined,undefined,1282.1,1294.2,978.7,1545.3,894.9,2220.4,1160.5,729.2,1394.9,753.2,756.6,773.2,676.2,785.1,900.4,734.2
2019-02-22T16:57:08.642Z,4059.3,undefined,undefined,3491.9,2296.2,1769.9,2006.7,1934,1489.7,1453.6,2000.5,1453.3,undefined,1381.7,1187.4,1241.1,1096.6,1067.9,1077,1023,989.9,2631.2,1019.8,890.6,933.1,1123.9,899.5,721.6,706.5,795.8,695.5,687.1,undefined,undefined,undefined,774,710.2,undefined,undefined,undefined,740.9,773,undefined,undefined,undefined,undefined,undefined,undefined,undefined,undefined,undefined,undefined,970.6,undefined,undefined,1290.6,1293.4,979.2,1593.6,900.7,2224.7,1160.2,729.2,1395.8,752.5,761.2,772.3,682.6,783.5,901.1,734.3
2019-02-23T16:57:08.696Z,4063.6,undefined,undefined,3530.9,2298.1,1769.8,2009,1937,1491.3,1454.5,2011.4,1453.4,undefined,1382.6,1188.5,1243.8,1097.2,1068.6,1078.7,1024.6,990.9,2650.8,1020.5,890.8,933.9,1125.2,900.1,722.3,707.5,795.4,696.1,687.1,undefined,undefined,undefined,774,710.2,undefined,undefined,undefined,740.3,773,undefined,undefined,undefined,undefined,undefined,undefined,undefined,undefined,undefined,undefined,1000,undefined,undefined,1298.7,1294.9,980.1,1638.4,905.3,2227.8,1160.8,729.7,1397.5,752.9,761.5,776.5,684,783.6,900.9,735.9
2019-02-24T16:57:08.945Z,4064.5,undefined,undefined,3529.9,2295.4,1769.2,2007,1937.8,1490.7,1454.4,2015.7,1454.2,undefined,1382.5,1188.8,1243.5,1095.8,1068.4,1077.8,1024.3,991,2680.6,1019.3,890.9,933.7,1125.5,902.8,722.7,707.6,794.5,696.1,686.4,undefined,undefined,undefined,773.4,710.6,undefined,undefined,undefined,741.4,772.1,undefined,undefined,undefined,undefined,undefined,undefined,undefined,undefined,undefined,undefined,999.4,undefined,undefined,1313.1,1297.2,979.4,1656.6,903.9,2226.6,1160.1,728,1397.9,752.1,760.6,776.2,683.8,781.5,901,734.9